key,0,1,2,3,4,5
#,TYPE,PARAM,LINK,Text,,
offset,12,16,20,0,4,8
int32,uint32,uint32,uint32,str,str,str
0,0,0,0,"","",""
1,0,0,0,Iniciar Juego,"",""
2,0,0,0,Configuración,"",""
3,0,0,0,Vídeo de Apertura,"",""
4,0,0,0,Créditos,"",""
5,0,0,0,"","",""
6,0,0,0,¿Calibrar el mando?<hex:02100103>※Los ajustes se pueden modificar en cualquier momento a través del menú de Configuración del Sistema.,"",""
7,0,0,0,Sí,"",""
8,0,0,0,"No","",""
9,0,0,0,"","",""
10,0,0,0,Cuenta de Servicio,"",""
11,0,0,0,Seleccione una cuenta de servicio.,"",""
12,0,0,0,"Version: <hex:022903EA0203>(<hex:022903EA0303>)<hex:02081DE1E80401FF15> - ex<hex:022003E80403> : <hex:022903EA0503><hex:FF01><hex:03>","",""
13,0,0,0,"<hex:024804F201F403><hex:024904F201F503>Warning!<hex:0249020103><hex:0248020103> Screen resolution is set to Low (480p/i 576p/i)<hex:02100103>The recommended setting is High (720p).","",""
14,0,0,0,"","",""
15,0,0,0,"OK","",""
16,0,0,0,Cancelar,"",""
17,0,0,0,Selecciona los elementos que deseas modificar en la lista de la derecha. Los marcados con ??? aún no se han confirmado.,"",""
18,0,0,0,Selecciona los elementos que deseas modificar en la lista de la derecha y pulse Aceptar para aplicar los cambios.,"",""
19,0,0,0,Selecciona los elementos que deseas modificar en la lista de la derecha. Aquellos marcados con ??? aún no se han confirmado.,"",""
20,0,0,0,Eliminar Personaje,"",""
21,0,0,0,"¿Eliminar a <hex:022903EA0203>?<hex:02100103>Ten en cuenta que, si eliminas este personaje, se perderán todos los objetos, el guil y los retenedores contratados que posea.<hex:02100103>Si este personaje es el maestro de una compañía libre y no hay ningún miembro que reúna los requisitos para ser su sucesor, la compañía libre se disolverá automáticamente,<hex:02100103>lo que provocará que se eliminen también las propiedades de la empresa y todos los objetos que se encuentren en el cofre de la empresa.","",""
22,0,0,0,Entiendo y deseo eliminar este personaje.,"",""
23,0,0,0,Cambiar Nombre,"",""
24,0,0,0,Cambiar Nombre de Retenedor,"",""
25,0,0,0,¿Iniciar sesión con <hex:022903EA0203>?,"",""
26,0,0,0,Se requiere un cambio de nombre para iniciar sesión con este personaje.,"",""
27,0,0,0,"<hex:020885E1E80201FF45>Please change your character's name after retrieving character data.<hex:FF39>A name change is required to log in with this character.<hex:03>","",""
28,0,0,0,¿Cambiar el nombre de este personaje a <hex:022903EA0203>?,"",""
29,0,0,0,¿Cambiar el nombre de este retenedor a <hex:022903EA0203>?,"",""
30,0,0,0,Nuevo Personaje,"",""
31,0,0,0,¿Abandonar la creación del personaje <hex:02100103>y perder todo el progreso?,"",""
32,0,0,0,¿Empezar una nueva partida con este personaje?,"",""
33,0,0,0,¿Crear un nuevo personaje?,"",""
34,0,0,0,"","",""
35,0,0,0,"<hex:022003E80203>/<hex:022003E80303>","",""
36,0,0,0,Ubicación,"",""
37,0,0,0,"<hex:0209BAE803FF04>1st<hex:FF04>2nd<hex:FF04>3rd<hex:FF04>4th<hex:FF04>5th<hex:FF04>6th<hex:FF04>7th<hex:FF04>8th<hex:FF04>9th<hex:FF05>10th<hex:FF05>11th<hex:FF05>12th<hex:FF05>13th<hex:FF05>14th<hex:FF05>15th<hex:FF05>16th<hex:FF05>17th<hex:FF05>18th<hex:FF05>19th<hex:FF05>20th<hex:FF05>21st<hex:FF05>22nd<hex:FF05>23rd<hex:FF05>24th<hex:FF05>25th<hex:FF05>26th<hex:FF05>27th<hex:FF05>28th<hex:FF05>29th<hex:FF05>30th<hex:FF05>31st<hex:FF05>32nd<hex:03> Sol de <hex:020993E802FF0B>1st Astral<hex:FF0B>1st Umbral<hex:FF0B>2nd Astral<hex:FF0B>2nd Umbral<hex:FF0B>3rd Astral<hex:FF0B>3rd Umbral<hex:FF0B>4th Astral<hex:FF0B>4th Umbral<hex:FF0B>5th Astral<hex:FF0B>5th Umbral<hex:FF0B>6th Astral<hex:FF0B>6th Umbral<hex:03> Moon","",""
38,0,0,0,"（<hex:022003E80203>/<hex:022003E80303>）","",""
39,0,0,0,"","",""
40,0,0,0,1.ª Luna Astral,"",""
41,0,0,0,1.ª Luna Umbral,"",""
42,0,0,0,2.ª Luna Astral,"",""
43,0,0,0,2.ª Luna Umbral,"",""
44,0,0,0,3.ª Luna Astral,"",""
45,0,0,0,3.ª Luna Umbral,"",""
46,0,0,0,4.ª Luna Astral,"",""
47,0,0,0,4.ª Luna Umbral,"",""
48,0,0,0,5.ª Luna Astral,"",""
49,0,0,0,5.ª Luna Umbral,"",""
50,0,0,0,6.ª Luna Astral,"",""
51,0,0,0,6.ª Luna Umbral,"",""
52,0,0,0,"","",""
53,0,0,0,"<hex:0209BAE804FF04>1st<hex:FF04>2nd<hex:FF04>3rd<hex:FF04>4th<hex:FF04>5th<hex:FF04>6th<hex:FF04>7th<hex:FF04>8th<hex:FF04>9th<hex:FF05>10th<hex:FF05>11th<hex:FF05>12th<hex:FF05>13th<hex:FF05>14th<hex:FF05>15th<hex:FF05>16th<hex:FF05>17th<hex:FF05>18th<hex:FF05>19th<hex:FF05>20th<hex:FF05>21st<hex:FF05>22nd<hex:FF05>23rd<hex:FF05>24th<hex:FF05>25th<hex:FF05>26th<hex:FF05>27th<hex:FF05>28th<hex:FF05>29th<hex:FF05>30th<hex:FF05>31st<hex:FF05>32nd<hex:03> Sol de <hex:020993E803FF0B>1st Astral<hex:FF0B>1st Umbral<hex:FF0B>2nd Astral<hex:FF0B>2nd Umbral<hex:FF0B>3rd Astral<hex:FF0B>3rd Umbral<hex:FF0B>4th Astral<hex:FF0B>4th Umbral<hex:FF0B>5th Astral<hex:FF0B>5th Umbral<hex:FF0B>6th Astral<hex:FF0B>6th Umbral<hex:03> Moon","",""
54,0,0,0,"","",""
55,0,0,0,"","",""
56,0,0,0,"<hex:022903EA0203><hex:020836E3E80308FF2E><hex:02092AE803FF01><hex:FF0A> (Legacy)<hex:FF01><hex:FF0A> (Legacy)<hex:FF01><hex:FF0A> (Legacy)<hex:03><hex:FF01><hex:03>","",""
57,0,0,0,Obteniendo la lista del Mundos…,"",""
58,0,0,0,No se pudo obtener la lista de Mundos.,"",""
59,0,0,0,"Obtain updated World information. This feature can only be used once every <hex:020860E802FF54><hex:020850E2E8020BFF42><hex:02093EE802FF04>one<hex:FF04>two<hex:FF06>three<hex:FF05>four<hex:FF05>five<hex:FF04>six<hex:FF06>seven<hex:FF06>eight<hex:FF05>nine<hex:FF04>ten<hex:03><hex:FF07><hex:022003E80203><hex:03><hex:FF07><hex:022003E80203><hex:03> <hex:020816E4E80202FF07>minute<hex:FF08>minutes<hex:03>.","",""
60,0,0,0,"Esta cuenta no dispone de espacios para personajes. Para crear un nuevo personaje, primero debes eliminar uno existente seleccionando la opción “Eliminar” en el menú de subcomandos.","",""
61,0,0,0,"No puedes crear más personajes. Para crear un nuevo personaje, primero debes eliminar uno ya existente. Para ello, selecciona la opción “Eliminar” en el menú de subcomandos.","",""
62,0,0,0,"No puedes crear más personajes en este Mundo. Por favor selecciona otro.","",""
63,0,0,0,"Este Mundo ya no admite nuevos personajes. Puedes esperar a que se levante la restricción o seleccionar otro Mundo.","",""
64,0,0,0,"No puedes seleccionar este personaje con tu cuenta actual.","",""
65,0,0,0,"Se te concede una oportunidad para modificar la raza, la tribu, el género, la apariencia y el nombre de tu personaje.","",""
66,0,0,0,"<hex:02089CE1E80201FF4B>Please change your retainer's name after retrieving your character's data.<hex:FF4A>To log in with this character you must first change your retainer's name.<hex:03>","",""
67,0,0,0,"Si lo deseas, puedes modificar la raza, el sexo y la apariencia de tu personaje. <hex:020835E1E80201FF2D>(<hex:022003E80203> <hex:020816E4E80202FF07>minuto<hex:FF08>minutos<hex:03> restantes)<hex:FF01><hex:03>","",""
68,0,0,0,"Para iniciar sesión con este personaje, primero debes instalar <hex:02280FFF0A>ExVersion<hex:E8020103>.","",""
69,0,0,0,"Para editar la raza, el sexo o la apariencia de este personaje, primero debes instalar <hex:02280FFF0A>ExVersion<hex:E8020103>.","",""
70,0,0,0,"Para iniciar sesión con este personaje de la versión 1.0, primero debes seleccionar la clase de Discípulo de la Guerra o de la Magia con la que deseas comenzar el juego.","",""
71,0,0,0,"OK","",""
72,0,0,0,"Cancelar","",""
73,0,0,0,"You have elected to begin FINAL FANTASY XIV: A Realm Reborn as <hex:0208B0E4E8020BFF15>an <hex:02280EFF09>ClassJob<hex:E8020103><hex:FF94><hex:020890E4E8020FFF15>an <hex:02280EFF09>ClassJob<hex:E8020103><hex:FF74><hex:020870E4E80206FF15>an <hex:02280EFF09>ClassJob<hex:E8020103><hex:FF54><hex:020850E4E8021BFF15>an <hex:02280EFF09>ClassJob<hex:E8020103><hex:FF34><hex:020830E4E80222FF15>an <hex:02280EFF09>ClassJob<hex:E8020103><hex:FF14>a <hex:02280EFF09>ClassJob<hex:E8020103><hex:03><hex:03><hex:03><hex:03><hex:03>. You will start your new adventure in <hex:02280AFF05>Town<hex:E8030103>.","",""
74,0,0,0,"OK","",""
75,0,0,0,"Cancelar","",""
76,0,0,0,"Para iniciar sesión con este personaje de la versión 1.0, primero debes seleccionar la clase de Discípulo de la Guerra o de la Magia con la que deseas comenzar el juego. Se te concede una oportunidad para modificar la raza, la tribu, el género, la apariencia y el nombre de tu personaje.","",""
77,0,0,0,"Editar ahora.","",""
78,0,0,0,"Editar más tarde.","",""
79,0,0,0,"Reeditar el personaje","",""
80,0,0,0,"Crear un nuevo personaje con los datos de apariencia guardados.","",""
81,0,0,0,"Guardar Datos de Apariencia","",""
82,0,0,0,"Cargar Datos de Apariencia","",""
83,0,0,0,"Para facilitar el proceso de inicio de sesión, la visualización de la información de los personajes se ha simplificado.<hex:02100103>Por favor, utiliza el subcomando Recuperar Datos del Personaje si vas a reeditar la apariencia de tu personaje o si necesitan cambiar de nombre.","",""
84,0,0,0,"¡Bienvenido a Eorzea!<hex:02100103>Antes de iniciar tu aventura, primero debes crear un personaje.","",""
85,0,0,0,"Proceder","",""
86,0,0,0,"Welcome to Eorzea!<hex:02100103>Start your adventure by selecting an existing character, or creating a new one.<hex:02100103>You currently have <hex:020860E803FF54><hex:020850E2E8030BFF42><hex:02093EE803FF04>one<hex:FF04>two<hex:FF06>three<hex:FF05>four<hex:FF05>five<hex:FF04>six<hex:FF06>seven<hex:FF06>eight<hex:FF05>nine<hex:FF04>ten<hex:03><hex:FF07><hex:022003E80303><hex:03><hex:FF07><hex:022003E80303><hex:03> <hex:02081CE4E80202FF0A>character<hex:FF0B>characters<hex:03> on <hex:022903EA0203>. To select another World, press the World button in the upper right of your screen.","",""
87,0,0,0,"Proceder","",""
88,0,0,0,"Selecciona un Mundo.","",""
89,0,0,0,"","",""
90,0,0,0,"","",""
91,0,0,0,"","",""
92,0,0,0,"","",""
93,0,0,0,"","",""
94,0,0,0,"","",""
95,0,0,0,"Iniciar sesión con <hex:022903EA0203>.<hex:02100103><hex:02100103><hex:024804F201FA03><hex:024904F201FB03>Tu personaje se encuentra actualmente en un Servidor de Mundo diferente a tu Mundo de Origen. Visita una éterita en Limsa Lominsa, Gridania o Ul'dah para regresar.<hex:0249020103><hex:0248020103>","",""
96,0,0,0,"Iniciar sesión con <hex:022903EA0203>.<hex:02100103><hex:02100103><hex:024804F201FA03><hex:024904F201FB03>Tu personaje se encuentra actualmente en un Servidor de Mundo diferente a tu Mundo de Origen. Para regresar, selecciona “Regresar a Mundo de Origen” en el menú de subcomandos del personaje antes de iniciar sesión.<hex:0249020103><hex:0248020103>","",""
97,0,120,0,"","",""
98,0,0,0,"","",""
99,0,0,0,"<hex:02100103><hex:02100103>Atributos iniciales: FUE <hex:022003E80203>/DES <hex:022003E80403>/VIT <hex:022003E80303>/INT <hex:022003E80503>/MND <hex:022003E80603>","",""
100,0,0,0,"? ? ?","",""
101,0,0,0,"Raza & Género","種族",""
102,0,0,0,"Clan","部族",""
103,0,0,0,"Género","性別",""
104,0,0,0,"Apariencia","ルックス",""
105,0,0,0,Onomástico ,"誕生日",""
106,0,0,0,"Guardián","守護神",""
107,0,0,0,"Clase","クラス",""
108,0,0,0,"Mundo de Origen","ワールド",""
109,0,0,0,"Nombre","名前",""
110,0,0,0,"Hyur<hex:02090FE802FF04> ©<hex:FF04> ®<hex:FF01><hex:03>","","Se dice que los Hyur llegaron por primera vez a Eorzea desde los continentes
e islas circundantes. Tres grandes oleadas migratorias después, son
ahora la más populosa de todas las razas civilizadas. Poseen un físico
relativamente modesto, tanto en altura como en complexión, y se les
reconoce por susorejas peculiarmente cortas y redondeadas. Los Hyur están
bien dotados para recorrer largasdistancias a pie, un rasgo que se cree
responsable de su veloz proliferación.

Su adopción de una ecléctica variedad de lenguas y tradiciones es un
legado de su diversa herencia－así como su resultante falta de una
identidad cultural unificada."
111,0,0,0,"","",""
112,0,0,0,"Elezen<hex:02090FE802FF04> ©<hex:FF04> ®<hex:FF01><hex:03>","","En tiempos pasados, los Elezen eran los únicos habitantes de Eorzea
y reclamaban su dominio sobre ella. Tradicionalmente un pueblo
nómada, los altos y esbeltos Elezen creían que el reino les pertenecía
por derecho divino. Por desgracia, esta creencia hizo que la eventual
aparición en masa de los Hyur fuese considerada una invasión, y se
desató una larga historia de conflictos.

Con el tiempo, los Elezen se dividieron en los dos clanes que existen
hoy. Los Elezen de Wildwood se internaron en los bosques para proteger
su tierra natal, mientras que los Elezen de Duskwight se retiraron a
cuevas y al subsuelo, optando por evitar todo contacto con quienes no
fueran de los suyos."
113,0,0,0,"","",""
114,0,0,0,"Lalafell<hex:02090FE802FF04> ©<hex:FF04> ®<hex:FF01><hex:03>","","Los Lalafell son un pueblo diminuto de cuerpos cortos y redondeados
que, a ojos de la mayoría, no parecen más que niños. Muchas de estas
ágiles y pequeñas gentes provienen de las islas de los mares del
sur, donde llevan una vida sencilla dedicada a la agricultura. No fue
hasta la apertura de las rutas comerciales marítimas cuando comenzó la
migración gradual de los Lalafell a Eorzea.

Hoy en día son una de las razas más consolidadas del reino, y se los
encuentra en gran número en casi todas las ciudades. Si bien la cultura
Lalafellina otorga gran importancia a los lazos de sangre, sus individuos
son conocidos por llevarse bien con miembros de todas las razas."
115,0,0,0,"","",""
116,0,0,0,"Miqo'te<hex:02090FE802FF04> ©<hex:FF04> ®<hex:FF01><hex:03>","","Los ancestros de los Miqo'te llegaron a Eorzea durante la
Era del Hielo Eterno, recorriendo los mares helados en pos de la fauna
que les servía de sustento. La adaptación a una vida de caza les ha
dotado de un agudo olfato, unas piernas poderosas y una cola que les
proporciona un equilibrio excepcional.

Los Miqo'te son conocidos por su marcada territorialidad, y muchos de
ellos tienden a llevar una vida solitaria, en especial los machos."
117,0,0,0,"","",""
118,0,0,0,"Roegadyn<hex:02090FE802FF04> ©<hex:FF04> ®<hex:FF01><hex:03>","","Conocidos por sus complexiones musculosas y sus ojos penetrantes,
los Roegadyn son la raza más grande y fornida de Eorzea. La mayoría
de los Roegadyn del reino pertenecen al clan de los Sea Wolves, un
pueblo marítimo que se gana la vida en el mar o junto a él, ya sea
como marineros, pescadores o piratas. En comparación, los Hellsguard
son menos numerosos; son conocidos por su talante más serio y a menudo
se los puede encontrar trabajando como guardaespaldas y herreros."
119,0,0,0,"","",""
120,0,0,0,"Midlander","","El clan de los Midlander comprende más de la mitad de la población
de los Hyur de Eorzea. Se han asentado en toda ciudad del reino
y llevan vidas tan diversas como su legado.

Instruidos en las letras desde la infancia, los Midlander
suelen ser más educados que muchos otros pueblos y clanes.
A pesar de que los varones tienden a ser ligeramente más altos
que las mujeres, no existen diferencias notables entre géneros"
121,0,0,0,"","",""
122,0,0,0,"Highlander","","Los Highlanders fueron los primeros Hyur en llegar a Eorzea.
Su nombre proviene de su larga tradición de erigir fortalezas en las
montañas. En comparación con sus hermanos Midlanders, los Highlanders
son notablemente más robustos.

Últimamente, los Highlanders se han vuelto una vista cada vez más rara
en Eorzea; su número está representado casi en su totalidad porlos que
huyeron de Ala Mhigo tras su caída y ahora trabajan en el desierto de
la ciudad-estado de Ul'dah como mercenarios y espadas de alquiler."
123,0,0,0,"","",""
124,0,0,0,"Wildwood","","Durante cientos de años, los Elezen de Wildwood han vivido en la
relativa seguridad de los frondosos bosques de Eorzea. Sin embargo,
con la formación de los gobiernos de Eorzea, muchos Wildwood se
aventuraron fuera de los bosques, atraídos por el estimulante
cosmopolitismo de la cercana Gridania. Apenas existe dimorfismo entre
ambos sexos, aunque se suele considerar a los varones más afables y
caballerosos. Entre sus hermanos Duskwight, los Wildwood son llamados
los Verdes, por su amor al bosque."
125,0,0,0,"","",""
126,0,0,0,"Duskwight","","Hace siglos, algunos Elezen buscaron una vida de paz y reclusión
en las profundidades de las cuevas y cavernas de Eorzea. Hoy en
día reciben el nombre de Duskwight, aunque para sus primos
Wildwood son simplemente los Grises, por su preferencia por la
oscuridad y la piedra.

El modo de vida cavernario de los Duskwight persiste, y algunos
de ellos recurren al robo y al pillaje para sobrevivir, lo que les
ha valido el desprecio de sus parientes del bosque. Apenas existen
diferencias entre géneros, si bien las mujeres Duskwight suelen ser
consideradas las más apasionadas e inflexibles de los dos."
127,0,0,0,"","",""
128,0,0,0,"Plainsfolk","","De las llanuras de las islas natales de los Plainsfolk es de donde
este clan lalafellin toma su nombre. La peculiar coloración de su
cabello —una miríada de tonos terrosos y herbáceos— les permite
camuflarse con el entorno, actuando como un camuflaje eficaz frente
a posibles atacantes. Fue el parecido de los pastizales de La Noscea
con los de su hogar lo que atrajo a los primeros colonos a la isla
de Vylbrand y a lo que hoy es Limsa Lominsa.

Son un pueblo astuto y oportunista, hábil con las palabras. La imagen
que se tiene de los Plainsfolk es la de gente vivaz y aficionada a la
conversación desmedida."
129,0,0,0,"","",""
130,0,0,0,"Dunesfolk","","Quizás la característica más singular de los Dunesfolk sean sus
ojos luminosos ─fruto de una capa brillante y protectora que cubre
la pupila, respuesta evolutiva a la luz cegadora de su tierra natal.
Muchos llevan en la frente una pequeña gema tradicional, símbolo de
su signo zodiacal. Son firmes defensores del estudio, anteponiendo
el saber a todo lo demás. Las otras razas tienden a ver a los varones
Dunesfolk como introvertidos que se interesan más por los libros,
los negocios y la prosperidad de Ul'dah —ciudad-estado forjada por
el ingenio Dunesfolk— que por los sucesos del resto del reino."
131,0,0,0,"","",""
132,0,0,0,"Seekers of the Sun","","El autoproclamado clan de los Seekers of the Sun es el clan diurno
de la raza Miqo'te. Su preferencia por la cálida luz del día
impregna todos los aspectos de su cultura, como muestra su profunda
reverencia a Azeyma, la Guardiana, protectora del sol y diosa de la
indagación.

Quizá sean más conocidos por sus llamativos ojos －fruto
de sus pupilas verticales y el tenue color de sus iris. Tampoco
es raro que sus ojos sean de distinto color de nacimiento, un rasgo
considerado auspicioso entre su especie.

Las tribus Seeker se pueden encontrar por toda Eorzea, con grandes
concentraciones cerca de Limsa Lominsa y del desierto de Sagolii"
133,0,0,0,"","",""
134,0,0,0,"Keepers of the Moon","","Los Miqo'te nocturnos se han dado a sí mismos el nombre de Keepers
of the Moon. Intimidados por la luz deslumbrante del día, se
deleitan en el manto de la noche, y la mayoría rinde culto a
Menphina, la Amante, diosa de la luna.

Se distinguen de sus primos diurnos por su pelaje más oscuro,
orejas más grandes, ojos más redondos, caninos más pronunciados,
y colas más largas y finas. La aplicación ritual de pintura de guerra
en el rostro se sigue practicando, pues se cree que los vivos colores
otorgan poderes lunares.

Tras muchos veranos de conflicto con el pueblo de Gridania,
los Keepers por fin han hecho las paces con los habitantes
de la ciudad-estado silvana, y algunos incluso han decidido
establecer allí su hogar."
135,0,0,0,"","",""
136,0,0,0,"Sea Wolves","","Hace mucho, ningún navío ni aldea costera se libraba de
la furia de los Sea Wolves y su estilo marítimo de
brutalidad. La mera mención del clan bastaba para helar
el corazón de quienes se ganaban la vida en el mar. Los
Sea Wolves provienen de las islas de los mares del lejano
norte, donde aún subsisten como pescadores y pescadoras.

No fue hasta el gran despliegue de la armada de
Limsa Lominsa que menguó el apetito pirata de los Sea Wolves.
Hoy en día no es raro verlos empleados como marineros o
mercenarios navales en todo tipo de navíos. Sin embargo,
jamás han olvidado las costumbres de su tierra natal,
y aún emplean la antigua lengua roegadyn en sus nombres."
137,0,0,0,"","",""
138,0,0,0,"Hellsguard","","Los Hellsguard son un clan Roegadyn de cuerpo y mente
templados por el calor inclemente de las regiones volcánicas
que habitan. Creyendo que estas montañas de fuego son puertas
al inframundo, su estirpe ha montado guardia durante siglos
para evitar el paso de almas de vuelta al reino de los vivos.

Como el duro entorno de sus tierras natales produce escaso
sustento, los segundos y terceros hijos suelen ser enviados
fuera de sus aldeas montañosas, y muchos de ellos terminan
en las grandes ciudades. Allí, su enorme corpulencia y su
talante férreo los convierten en soldados y mercenarios
muy solicitados, lo que permite a los jóvenes, incluso de
las familias más numerosas, superar en prosperidad a sus
hermanos mayores."
139,0,0,0,"","",""
140,0,0,0,"Au Ra<hex:02090FE802FF04> ©<hex:FF04> ®<hex:FF01><hex:03>","","Los cuernos curvados y las escamas con hermosos patrones que caracterizan
a los Au Ra suelen dar pie a especulaciones sobre si esta raza, similar a
los Hyur, nativa del lejano continente oriental de Othard, es en realidad
descendientes de dragones. Esto, sin embargo, lleva tiempo en disputa, y los
eruditos señalan varias diferencias notables entre ambas razas como prueba
de orígenes claramente dispares: la primera y más importante, la audición
mejorada y el reconocimiento espacial que otorgan las proyecciones
craneales de los Au Ra (rasgos no atribuidos a los cuernos dracónicos),
y la segunda, la enorme desproporción de masa corporal entre machos y
hembras Auri (de nuevo, un rasgo ausente en los dragones)."
141,0,0,0,"","",""
142,0,0,0,"Raen","","El mito de la creación Auri habla de un Padre del Alba
y una Madre del Crepúsculo de quienes descienden todos
los Au Ra. Los Raen creen que por sus venas corre
espesamente la sangre del primero —sus brillantes
escamas blancas y su férrea voluntad sirven de prueba
de este linaje divino.

A diferencia de su clan hermano, los Xaela, que tiñen la
tierra de sangre con interminables conflictos tribales,
los Raen han abrazado una vida de tranquilidad y soledad,
tras abandonar hace tiempo el estilo de vida nómada de sus
antepasados para asentarse en los profundos valles de las
regiones montañosas orientales de Othard. Solo en raras
ocasiones emerge alguno de las nieblas del valle para
buscar aventuras en reinos lejanos."
143,0,0,0,"","",""
144,0,0,0,"Xaela","","El mito de la creación Auri habla de un Padre del Alba
y una Madre del Crepúsculo de quienes descienden todos
los Au Ra. Los Xaela creen que por sus venas corre
espesamente la sangre de la última —sus lustrosas escamas
negras y su voluntad ardiente sirven de prueba de este
linaje divino.

A diferencia de su clan hermano, los Raen, que llevan
vidas solitarias ocultos tras los salvajes picos de los
confines orientales de Othard, los Xaela son espíritus
libres que recorren la vasta estepa occidental en tribus
muy unidas, cazando, recolectando y guerreando como
lo han hecho sus antepasados durante incontables
generaciones."
145,0,0,0,"","",""
146,0,0,0,"","",""
147,0,0,0,"","",""
148,0,0,0,"","",""
149,0,0,0,"","",""
150,0,0,0,"","",""
151,0,0,0,"","",""
152,0,0,0,"Personalizado","",""
153,0,0,0,"","",""
154,0,0,0,"Halone","",""
155,0,0,0,"La Furia","",""
156,0,0,0,"Menphina","",""
157,0,0,0,"La Amante","",""
158,0,0,0,"Thaliak","",""
159,0,0,0,"El Erudito","",""
160,0,0,0,"Nymeia","",""
161,0,0,0,"La Tejedora","",""
162,0,0,0,"Llymlaen","",""
163,0,0,0,"La Navegante","",""
164,0,0,0,"Oschon","",""
165,0,0,0,"El Caminante","",""
166,0,0,0,"Byregot","",""
167,0,0,0,"El Constructor","",""
168,0,0,0,"Rhalgr","",""
169,0,0,0,"El Destructor","",""
170,0,0,0,"Azeyma","",""
171,0,0,0,"La Custodia","",""
172,0,0,0,"Nald'thal","",""
173,0,0,0,"Los Mercaderes","",""
174,0,0,0,"Nophica","",""
175,0,0,0,"La Matrona","",""
176,0,0,0,"Althyk","",""
177,0,0,0,"El Guardián","",""
178,0,230904,0,"Gladiador"," ","Los gladiadores se especializan en el manejo de toda clase de
armas blancas de una mano, desde dagas hasta espadas largas, ya
sean de un solo filo o de doble filo, rectas o curvas. Una
característica definitoria de este arte es su énfasis en tácticas
de combate diversas, que entrena a sus miembros para aplicar sus
habilidades marciales en cualquier situación. Por ello, hay
practicantes que combinan la espada con el escudo, buscando defender
a sus compañeros. Otros optan por dejar la mano contraria libre,
prefiriendo centrarse por completo en su brazo armado. En todos los
casos, el antiguo arte de la espada convierte al gladiador en un
adversario formidable en cualquier enfrentamiento.

Profesión Correspondiente: Paladín"
179,0,0,0,"","",""
180,0,230905,0,"Pugilista"," ","The path of the pugilist is one of incessant training aimed at mastering
the traditional techniques of hand-to-hand combat. Though they
command formidable power when unarmed, they are wont to use metal,
leather, and bone weaponry to maximize their destructive potential.

Their preference for fighting at close quarters makes negotiating
distances an absolute necessity. This is why many pugilists are quick
to learn that lightweight gear allowing for maximum agility ensures them
better success in battle than does cumbersome plate or chain.

Corresponding Job: Monk"
181,0,0,0,"","",""
182,0,230906,0,"Merodeador"," ","The marauder is a combat specialist whose weapon of choice is
the greataxe－a fearsome arm emblematic of Eorzea's pirates.
Their approach to battle is one of brute force, relying on strength
and steel to crush enemies and sunder weapons. They are highly
sought after for their ferocity and intimidating presence, and are
often employed to hunt down monsters plaguing the land, or to turn
the tide of battle between warring nations.

Corresponding Job: Warrior"
183,0,0,0,"","",""
184,0,230907,0,"Lancero"," ","The strategy of the lancers is to outrange and fluster opponents
with their long, two-handed polearms, peppering them with a barrage
of thrusting attacks. They are trained with a number of weapons,
giving a diversity to their attacks that makes them extremely
versatile combatants.

In former times, the longspear saw the most widespread use,
due in great part to the influence of the proud lancer legions of
Ala Mhigo. Since then, the guild has greatly expanded its armories
to include a variety of weaponry, such as the halberd and the trident.

Corresponding Job: Dragoon"
185,0,0,0,"","",""
186,0,230908,0,"Arquero"," ","The enduring popularity of the bow is a testament to its elegant
design, but this simple weapon would be of little worth without the
surpassing skill of those who master it－the archers. Projectile
techniques such as high-angle fire enable archers to assail their
foes with deadly precision even at great distances.

Constant assessment of the battlefield enables them to carefully
determine the most advantageous ground from which to loose,
as well as the nature of the arrows best suited to their enemy.
Together with the longbow sentries of the Elezen military, the
shortbow hunters among the Miqo'te are widely regarded as
most skilled with the bow.

Corresponding Job: Bard"
187,0,0,0,"","",""
188,0,230909,0,"Elementalista"," ","Conjury calls upon elemental forces present in nature and concentrates
them to a potency at which spells can be woven. Through practiced
meditation on the essences of creation, conjurers draw forth and
absorb aether from their immediate surroundings. A wand or cane
made from unworked wood is then utilized to focus the aether until it
manifests as the desired spell. The seat of the Conjurers' Guild lies at
Stillglade Fane in Gridania, where the voices of Eorzea's elementals are
said to be most powerful.

Corresponding Job: White Mage"
189,0,0,0,"","",""
190,0,230910,0,"Taumaturgo"," ","In the hands of a skilled practitioner, thaumaturgy can be a force of
terrifying destruction. At the heart of this school of magic lies the
ability to call forth and command the latent aether within oneself
through deep introspection. To then mold that aether into sorcery,
the thaumaturge makes use of a scepter or staff, within which is
housed a medium－a natural stone imbued with magical properties.

Corresponding Job: Black Mage"
191,0,0,0,"","",""
192,0,230929,0,"Arcanista"," ","Adepts of the art of arcanum derive their might from symbols of power
born of geometric techniques hailing from across the southern seas.
Held within occult grimoires, these symbols lend shape to the arcanist's
aether, thereby allowing him to produce myriad powerful spells. Using
the selfsame symbols to unlock the latent power contained within
gemstones, arcanists are also able to summon forth the familiar known
as Carbuncle to carry out their bidding.

Corresponding Jobs: Summoner, Scholar"
193,0,0,0,"","",""
194,0,0,0,"","",""
195,0,0,0,"","",""
196,0,0,0,"","",""
197,0,0,0,"","",""
198,0,0,0,"","",""
199,0,0,0,"","",""
200,0,0,0,"Presets","",""
201,0,0,0,"Height","",""
202,0,0,0,"Skin Color","",""
203,0,0,0,"Voice","",""
204,0,0,0,"Muscle Tone","",""
205,0,0,0,"","",""
206,0,0,0,"","",""
207,0,0,0,"Muscle Tone","",""
208,0,0,0,"","",""
209,0,0,0,"Bust Size","",""
210,0,0,0,"Ear Size","",""
211,0,0,0,"Ear Shape","",""
212,0,0,0,"","",""
213,0,0,0,"Ear Size","",""
214,0,0,0,"Ear Shape","",""
215,0,0,0,"Bust Size","",""
216,0,0,0,"Ear Size","",""
217,0,0,0,"Ear Shape","",""
218,0,0,0,"","",""
219,0,0,0,"Ear Size","",""
220,0,0,0,"Ear Shape","",""
221,0,0,0,"Bust Size","",""
222,0,0,0,"Tail Length","",""
223,0,0,0,"Tail Shape","",""
224,0,0,0,"","",""
225,0,0,0,"Tail Length","",""
226,0,0,0,"Tail Shape","",""
227,0,0,0,"Bust Size","",""
228,0,0,0,"Muscle Tone","",""
229,0,0,0,"","",""
230,0,0,0,"","",""
231,0,0,0,"Muscle Tone","",""
232,0,0,0,"","",""
233,0,0,0,"Bust Size","",""
234,0,0,0,"Hairstyle","",""
235,0,0,0,"Hair Features","",""
236,0,0,0,"Hair Color","",""
237,0,0,0,"Highlights","",""
238,0,0,0,"Face","",""
239,0,0,0,"Facial Features","",""
240,0,0,0,"Facial Feature Color","",""
241,0,0,0,"Jaw","",""
242,0,0,0,"Eyebrows","",""
243,0,0,0,"Eye Shape","",""
244,0,0,0,"Iris Size","",""
245,0,0,0,"Eye Color","",""
246,0,0,0,"Nose","",""
247,0,0,0,"Mouth","",""
248,0,0,0,"Lip Color","",""
249,0,0,0,"Face Paint","",""
250,0,0,0,"Face Paint Color","",""
251,0,0,0,"OK","",""
252,0,0,0,"Face","",""
253,0,0,0,"Tail Length","",""
254,0,0,0,"Tail Shape","",""
255,0,0,0,"","",""
256,0,0,0,"Tail Length","",""
257,0,0,0,"Tail Shape","",""
258,0,0,0,"Bust Size","",""
259,0,0,0,"","",""
260,0,0,0,"","",""
261,0,0,0,"","",""
262,0,0,0,"","",""
263,0,0,0,"","",""
264,0,0,0,"","",""
265,0,0,0,"Short","",""
266,0,0,0,"Short","",""
267,0,0,0,"Average","",""
268,0,0,0,"Tall","",""
269,0,0,0,"Tall","",""
270,0,0,0,"Approximately <hex:022003E80203>.<hex:022003E80303> <hex:020811E1E80401FF07>inches<hex:FF03>cm<hex:03>","",""
271,0,0,0,"","",""
272,0,0,0,"","",""
273,0,0,0,"","",""
274,0,0,0,"","",""
275,0,0,0,"Type 1","",""
276,0,0,0,"Type 2","",""
277,0,0,0,"Type 3","",""
278,0,0,0,"Type 4","",""
279,0,0,0,"Type 5","",""
280,0,0,0,"Type 6","",""
281,0,0,0,"Type 7","",""
282,0,0,0,"Type 8","",""
283,0,0,0,"Type 9","",""
284,0,0,0,"Type 10","",""
285,0,0,0,"Type 11","",""
286,0,0,0,"Type 12","",""
287,0,0,0,"","",""
288,0,0,0,"","",""
289,0,0,0,"","",""
290,0,0,0,"Smooth","",""
291,0,0,0,"Smooth","",""
292,0,0,0,"Average","",""
293,0,0,0,"Chiseled","",""
294,0,0,0,"Chiseled","",""
295,0,0,0,"","",""
296,0,0,0,"","",""
297,0,0,0,"","",""
298,0,0,0,"","",""
299,0,0,0,"","",""
300,0,0,0,"","",""
301,0,0,0,"","",""
302,0,0,0,"","",""
303,0,0,0,"","",""
304,0,0,0,"","",""
305,0,0,0,"Smooth","",""
306,0,0,0,"Smooth","",""
307,0,0,0,"Average","",""
308,0,0,0,"Chiseled","",""
309,0,0,0,"Chiseled","",""
310,0,0,0,"","",""
311,0,0,0,"","",""
312,0,0,0,"","",""
313,0,0,0,"","",""
314,0,0,0,"","",""
315,0,0,0,"Small","",""
316,0,0,0,"Small","",""
317,0,0,0,"Average","",""
318,0,0,0,"Large","",""
319,0,0,0,"Large","",""
320,0,0,0,"Short","",""
321,0,0,0,"Short","",""
322,0,0,0,"Average","",""
323,0,0,0,"Long","",""
324,0,0,0,"Long","",""
325,0,0,0,"Type 1","",""
326,0,0,0,"Type 2","",""
327,0,0,0,"Type 3","",""
328,0,0,0,"Type 4","",""
329,0,0,0,"","",""
330,0,0,0,"","",""
331,0,0,0,"","",""
332,0,0,0,"","",""
333,0,0,0,"","",""
334,0,0,0,"","",""
335,0,0,0,"Short","",""
336,0,0,0,"Short","",""
337,0,0,0,"Average","",""
338,0,0,0,"Long","",""
339,0,0,0,"Long","",""
340,0,0,0,"Type 1","",""
341,0,0,0,"Type 2","",""
342,0,0,0,"Type 3","",""
343,0,0,0,"Type 4","",""
344,0,0,0,"","",""
345,0,0,0,"Small","",""
346,0,0,0,"Small","",""
347,0,0,0,"Average","",""
348,0,0,0,"Large","",""
349,0,0,0,"Large","",""
350,0,0,0,"Short","",""
351,0,0,0,"Short","",""
352,0,0,0,"Average","",""
353,0,0,0,"Long","",""
354,0,0,0,"Long","",""
355,0,0,0,"Type 1","",""
356,0,0,0,"Type 2","",""
357,0,0,0,"Type 3","",""
358,0,0,0,"Type 4","",""
359,0,0,0,"","",""
360,0,0,0,"","",""
361,0,0,0,"","",""
362,0,0,0,"","",""
363,0,0,0,"","",""
364,0,0,0,"","",""
365,0,0,0,"Short","",""
366,0,0,0,"Short","",""
367,0,0,0,"Average","",""
368,0,0,0,"Long","",""
369,0,0,0,"Long","",""
370,0,0,0,"Type 1","",""
371,0,0,0,"Type 2","",""
372,0,0,0,"Type 3","",""
373,0,0,0,"Type 4","",""
374,0,0,0,"","",""
375,0,0,0,"Small","",""
376,0,0,0,"Small","",""
377,0,0,0,"Average","",""
378,0,0,0,"Large","",""
379,0,0,0,"Large","",""
380,0,0,0,"Short","",""
381,0,0,0,"Short","",""
382,0,0,0,"Average","",""
383,0,0,0,"Long","",""
384,0,0,0,"Long","",""
385,0,0,0,"Type 1","",""
386,0,0,0,"Type 2","",""
387,0,0,0,"Type 3","",""
388,0,0,0,"Type 4","",""
389,0,0,0,"","",""
390,0,0,0,"","",""
391,0,0,0,"","",""
392,0,0,0,"","",""
393,0,0,0,"","",""
394,0,0,0,"","",""
395,0,0,0,"Short","",""
396,0,0,0,"Short","",""
397,0,0,0,"Average","",""
398,0,0,0,"Long","",""
399,0,0,0,"Long","",""
400,0,0,0,"Type 1","",""
401,0,0,0,"Type 2","",""
402,0,0,0,"Type 3","",""
403,0,0,0,"Type 4","",""
404,0,0,0,"","",""
405,0,0,0,"Small","",""
406,0,0,0,"Small","",""
407,0,0,0,"Average","",""
408,0,0,0,"Large","",""
409,0,0,0,"Large","",""
410,0,0,0,"Smooth","",""
411,0,0,0,"Smooth","",""
412,0,0,0,"Average","",""
413,0,0,0,"Chiseled","",""
414,0,0,0,"Chiseled","",""
415,0,0,0,"","",""
416,0,0,0,"","",""
417,0,0,0,"","",""
418,0,0,0,"","",""
419,0,0,0,"","",""
420,0,0,0,"","",""
421,0,0,0,"","",""
422,0,0,0,"","",""
423,0,0,0,"","",""
424,0,0,0,"","",""
425,0,0,0,"Smooth","",""
426,0,0,0,"Smooth","",""
427,0,0,0,"Average","",""
428,0,0,0,"Chiseled","",""
429,0,0,0,"Chiseled","",""
430,0,0,0,"","",""
431,0,0,0,"","",""
432,0,0,0,"","",""
433,0,0,0,"","",""
434,0,0,0,"","",""
435,0,0,0,"Small","",""
436,0,0,0,"Small","",""
437,0,0,0,"Average","",""
438,0,0,0,"Large","",""
439,0,0,0,"Large","",""
440,0,0,0,"","",""
441,0,0,0,"","",""
442,0,0,0,"","",""
443,0,0,0,"","",""
444,0,0,0,"","",""
445,0,0,0,"Disciples of War","",""
446,0,0,0,"","",""
447,0,0,0,"Disciples of Magic","",""
448,0,0,0,"","",""
449,0,1200,0,"","",""
450,0,0,0,"","",""
451,0,0,0,"","",""
452,0,1210,0,"","",""
453,0,36020,0,"","",""
454,0,1420,0,"","",""
455,0,36015,0,"","",""
456,0,930,0,"","",""
457,0,38130,0,"","",""
458,0,0,0,"Hrothgar<hex:02090FE802FF04> ©<hex:FF04> ®<hex:FF01><hex:03>","","Hailing from the distant shores of Ilsabard, the Hrothgar are a burly
people of lionlike appearance—or the males are, at least. Females
number staggeringly few among their population, and thus are
rarely so much as glimpsed by the other races.

The Hrothgar's imposing countenance─mitigated not at all by their
sharp claws and still sharper fangs—incited panic amongst
Eorzeans upon their arrival. As they were also unable to
communicate, initial interactions with the commonfolk often
escalated into conflict. It was not until the Hrothgar gained mastery
of the common tongue that fears were allayed, and in time they
would be as neighbors, welcome in all corners of the realm."
459,0,0,0,"","",""
460,0,0,0,"Viera<hex:02090FE802FF04> ©<hex:FF04> ®<hex:FF01><hex:03>","","Of tall stature and slender frame, the Viera's physical appearance is
strikingly similar to that of the Hyur and Elezen, save for their
distinctive long ears. Adhering to a strict code known as the Green
Word, they are prohibited from contact with the outside world under
threat of exile. Their society is purely matriarchal, and males of age
are seldom, if ever, found within the bounds of any village. They
instead serve as protectors of the wood from the shadows, that no
evil may ever encroach on their sacred lands."
461,0,0,0,"","",""
462,0,0,0,"Helions","","Helions have traditionally been content to reside in southern Ilsabard
with their respective tribes, devout servants to their queens,
one and all—and thus have they only but recently begun to make
their presence felt throughout the remainder of the three continents.
Though these Hrothgar initially had no word to describe themselves,
scholars came to call them ""Helions"" after observing how their lives
all but revolved about their queen's needs, as planets circle the sun."
463,0,0,0,"","",""
464,0,0,0,"The Lost","","Unlike their Helion brethren, the Lost are unbound by the whims of any
reigning monarch, having long since found themselves bereft of the
warm radiance of their queen. Most find that a nomadic lifestyle
best suits their situation, and are known to ply a variety of trades
that align with their propensity to travel—seasonal laborer,
mercenary, and peddler among them."
465,0,0,0,"","",""
466,0,0,0,"Rava","","Viera of the Rava clan live primarily in the Golmore Jungle, their
umber skin allowing them to readily blend in with their surroundings.
Though the males stand as wards of the forest, the females are
adept hunters and protectors in their own right, fiercely guarding their homes and
their young. Despite attempts by the Dalmascans to subjugate
them, they have ever maintained a self-governing dominion. Though
most would adhere to the traditions of the wood, some few have
chosen to venture out into the world."
467,0,0,0,"","",""
468,0,0,0,"Veena","","With skin as fair as the snowcapped mountains towering above, the
Veena clan make their homes in the forests lining the southwestern
foothills of the Skatay Range. Like the members of their sister clan,
the Veena live as hunters and gatherers, laboring not only to protect
the woods, but to nurture them. As the winds of war swept up a
number of those who left their mountain homes, many such
hardened hunters chose to set out for the distant shores of Eorzea."
469,0,0,0,"","",""
470,0,0,0,"","",""
471,0,0,0,"Halone, mover of glaciers and goddess of war, is the<hex:02100103>guardian deity of Ishgard. She commands the element of<hex:02100103>ice and is associated with the first moon of the Eorzean<hex:02100103>calendar. Halone is the daughter of Rhalgr, and a bitter<hex:02100103>rival of Nophica. She is most often depicted as a<hex:02100103>relentless warrioress armed with a bronze greatshield.<hex:02100103>Her symbol is the three spears.","",""
472,0,0,0,"Menphina is keeper of the moon and the goddess of love.<hex:02100103>She commands the element of ice and is associated with<hex:02100103>the second moon of the Eorzean calendar. Menphina is the<hex:02100103>sister of Azeyma, and the divine lover of Oschon. She is<hex:02100103>most often depicted as a maid carrying a round skillet.<hex:02100103>Her symbol is the full moon.","",""
473,0,0,0,"Thaliak, ruler of rivers and wisdom, and god of knowledge,<hex:02100103>is the guardian deity of Sharlayan. He commands the<hex:02100103>element of water and is associated with the third moon<hex:02100103>of the Eorzean calendar. Thaliak is the father of Llymlaen,<hex:02100103>and the teacher of Byregot. He is most often depicted as a<hex:02100103>reserved scholar holding an ashen staff. His symbol is the scroll.","",""
474,0,0,0,"Nymeia is the watcher of celestial bodies and goddess<hex:02100103>of fate. She commands the element of water and is<hex:02100103>associated with the fourth moon of the Eorzean calendar.<hex:02100103>Nymeia is the younger sister of Althyk, and master of<hex:02100103>Rhalgr. She is most often depicted as a weaver donning<hex:02100103>a white silken veil. Her symbol is the spinning wheel.","",""
475,0,0,0,"Llymlaen, watcher of the seas and goddess of navigation,<hex:02100103>is the guardian deity of Limsa Lominsa. She commands<hex:02100103>the element of wind and is associated with the fifth<hex:02100103>moon of the Eorzean calendar. Llymlaen is the daughter<hex:02100103>of Thaliak, and the elder sister of Nophica. She is most<hex:02100103>often depicted as a strong fisherwoman wielding a<hex:02100103>long-bladed harpoon. Her symbol is the wave.","",""
476,0,0,0,"Oschon is ruler of the mountains and god of travelers<hex:02100103>and vagrants. He commands the element of wind and is<hex:02100103>associated with the sixth moon of the Eorzean calendar.<hex:02100103>Oschon is the brother of Nald'thal, and the close<hex:02100103>companion of Halone. He is most often depicted as a<hex:02100103>carefree ranger wielding a bow of yew. His symbol is<hex:02100103>the walking stick.","",""
477,0,0,0,"Byregot is the purveyor of architecture and industry,<hex:02100103>and god of the arts. He commands the element of<hex:02100103>lightning and is associated with the seventh moon of<hex:02100103>the Eorzean calendar. Byregot is the elder brother of<hex:02100103>Halone, and pupil of Thaliak. He is most often depicted<hex:02100103>as an ardent smith with a two-headed hammer.<hex:02100103>His symbol is the hand.","",""
478,0,0,0,"Rhalgr, breaker of worlds, is the god of destruction<hex:02100103>and guardian deity of the now-fallen nation of Ala Mhigo.<hex:02100103>He commands the element of lightning and is associated<hex:02100103>with the eighth moon of the Eorzean calendar. Rhalgr is<hex:02100103>the father of both Byregot and Halone, and serves as<hex:02100103>attendant to Nymeia. He is most often depicted as a<hex:02100103>magus carrying a staff of bronze. His symbol is the<hex:02100103>streaking meteor.","",""
479,0,0,0,"Azeyma is keeper of the sun and goddess of inquiry.<hex:02100103>She commands the element of fire and is associated<hex:02100103>with the ninth moon of the Eorzean calendar. Azeyma<hex:02100103>is the daughter of Althyk, and the elder sister of<hex:02100103>Menphina. She is most often depicted as a noble lady<hex:02100103>holding a golden fan. Her symbol is the radiant sun.","",""
480,0,0,0,"Nald'thal, overseer of the underworld and god of<hex:02100103>commerce, is the guardian deity of Ul'dah. He<hex:02100103>commands the element of fire and is associated<hex:02100103>with the tenth moon of the Eorzean calendar.<hex:02100103>Nald'thal is the single manifestation of the deific<hex:02100103>twins Nald and Thal. He is most often depicted<hex:02100103>as a discerning merchant holding a balance.<hex:02100103>His symbol is the cowry, an ancient shell currency.","",""
481,0,0,0,"Nophica, tender of soils and harvests, and goddess<hex:02100103>of abundance, is the guardian deity of Gridania.<hex:02100103>She commands the element of earth and is<hex:02100103>associated with the eleventh moon of the Eorzean<hex:02100103>calendar. Nophica is the daughter of Azeyma, and<hex:02100103>the younger sister of Llymlaen. She is most often<hex:02100103>depicted as a jubilant farmer holding a scythe of<hex:02100103>steel. Her symbol is the spring leaf.","",""
482,0,0,0,"Althyk is the surveyor of change and space,<hex:02100103>and god of time. He commands the element of<hex:02100103>earth and is associated with the twelfth moon of<hex:02100103>the Eorzean calendar. Althyk is the father of<hex:02100103>Azeyma and Menphina, and elder brother to<hex:02100103>Nymeia. He is most often depicted as an<hex:02100103>austere emperor wielding a mythril greataxe.<hex:02100103>His symbol is the hourglass.","",""
483,0,0,0,"","",""
484,0,0,0,"","",""
485,0,0,0,"","",""
486,0,0,0,"","",""
487,0,0,0,"","",""
488,0,0,0,"","",""
489,0,0,0,"","",""
490,0,0,0,"","",""
491,0,310,0,"","",""
492,0,0,0,"","",""
493,0,110,0,"","",""
494,0,0,0,"","",""
495,0,0,0,"","",""
496,0,0,0,"","",""
497,0,0,0,"","",""
498,0,0,0,"","",""
499,0,0,0,"","",""
500,0,0,0,"Character Creation","",""
501,0,0,0,"","",""
502,0,0,0,"Viper","",""
503,0,0,0,"","",""
504,0,0,0,"Gear","",""
505,0,0,0,"Create Character","",""
506,0,0,0,"Confirm","",""
507,0,0,0,"Return","",""
508,0,0,0,"","",""
509,0,0,0,"","",""
510,0,0,0,"Pre-made (Midlander ♂)","",""
511,0,0,0,"Save Slot <hex:022003E80203>: <hex:020929E804FF12><hex:02280BFF06>Tribe<hex:E8030103>♂<hex:FF12><hex:02280BFF06>Tribe<hex:E8030203>♀<hex:03>","",""
512,0,0,0,"This character was designed specially for the benchmark and his gear cannot be changed.","",""
513,0,0,0,"There are no comments.","",""
514,0,0,0,"View your character in a set of job-specific gear based on the selected class. (Class selection is unavailable in the benchmark.)","",""
515,0,0,0,"","",""
516,0,0,0,"","",""
517,0,0,0,"","",""
518,0,0,0,"","",""
519,0,0,0,"","",""
520,0,0,0,"","",""
521,0,0,0,"","",""
522,0,0,0,"","",""
523,0,0,0,"","",""
524,0,0,0,"","",""
525,0,0,0,"","",""
526,0,0,0,"","",""
527,0,0,0,"","",""
528,0,0,0,"","",""
529,0,0,0,"","",""
530,0,0,0,"","",""
531,0,0,0,"Gladiator (Ul'dah)","",""
532,0,0,0,"Pugilist (Ul'dah)","",""
533,0,0,0,"Marauder (Limsa Lominsa)","",""
534,0,0,0,"Lancer (Gridania)","",""
535,0,0,0,"Archer (Gridania)","",""
536,0,0,0,"Conjurer (Gridania)","",""
537,0,0,0,"Thaumaturge (Ul'dah)","",""
538,0,0,0,"Arcanist (Limsa Lominsa)","",""
539,0,0,0,"","",""
540,0,0,0,"Short","",""
541,0,0,0,"Short","",""
542,0,0,0,"Average","",""
543,0,0,0,"Long","",""
544,0,0,0,"Long","",""
545,0,0,0,"Type 1","",""
546,0,0,0,"Type 2","",""
547,0,0,0,"Type 3","",""
548,0,0,0,"Type 4","",""
549,0,0,0,"","",""
550,0,0,0,"","",""
551,0,0,0,"","",""
552,0,0,0,"","",""
553,0,0,0,"","",""
554,0,0,0,"","",""
555,0,0,0,"Short","",""
556,0,0,0,"Short","",""
557,0,0,0,"Average","",""
558,0,0,0,"Long","",""
559,0,0,0,"Long","",""
560,0,0,0,"Type 1","",""
561,0,0,0,"Type 2","",""
562,0,0,0,"Type 3","",""
563,0,0,0,"Type 4","",""
564,0,0,0,"","",""
565,0,0,0,"Small","",""
566,0,0,0,"Small","",""
567,0,0,0,"Average","",""
568,0,0,0,"Large","",""
569,0,0,0,"Large","",""
570,0,0,0,"","",""
571,0,0,0,"","",""
572,0,0,0,"","",""
573,0,0,0,"","",""
574,0,0,0,"","",""
575,0,0,0,"","",""
576,0,0,0,"","",""
577,0,0,0,"","",""
578,0,0,0,"","",""
579,0,0,0,"","",""
580,0,0,0,"","",""
581,0,0,0,"","",""
582,0,0,0,"","",""
583,0,0,0,"","",""
584,0,0,0,"","",""
585,0,0,0,"","",""
586,0,0,0,"","",""
587,0,0,0,"","",""
588,0,0,0,"","",""
589,0,0,0,"","",""
590,0,0,0,"","",""
591,0,0,0,"","",""
592,0,0,0,"","",""
593,0,0,0,"","",""
594,0,0,0,"","",""
595,0,0,0,"","",""
596,0,0,0,"","",""
597,0,0,0,"","",""
598,0,0,0,"","",""
599,0,0,0,"","",""
600,0,0,0,"<hex:021E021803> Rotate Camera <hex:021E021503> Rotate Background <hex:021E020D03>+<hex:021E021903> Zoom <hex:0212021403> Reverse Camera","",""
601,0,0,0,"<hex:0212021303>","",""
602,0,0,0,"<hex:021E021803> Rotate Camera <hex:021E021503> Rotate Background <hex:021E020D03>+<hex:021E021903> Zoom <hex:021E020D03>+<hex:021E021603> Tilt Camera <hex:0212021403> Reverse Camera","",""
603,0,0,0,"<hex:0212021303>","",""
604,0,0,0,"<hex:0212021103>","",""
605,0,0,0,"<hex:0212021203>","",""
606,0,0,0,"<hex:021E020F03>","",""
607,0,0,0,"<hex:021E021003>","",""
608,0,0,0,"<hex:0212020C03>","",""
609,0,0,0,"<hex:0212020B03>","",""
610,0,0,0,"<hex:021E020C03> Keyboard","",""
611,0,0,0,"<hex:021E020B03> Subcommands","",""
612,0,0,0,"Rotate Camera Rotate Background Zoom","",""
613,0,0,0,"Rotate Camera Rotate Background Zoom Tilt Camera","",""
614,0,0,0,"<hex:021E020703>","",""
615,0,0,0,"Days of Play Time Remaining: <hex:022003E80203>","",""
616,0,0,0,"Veteran Reward Rank: <hex:020813E1E80201FF07><hex:022003E80203><hex:FF05>None<hex:03>","",""
617,0,0,0,"Total Days Subscribed: <hex:022206E802FF022C03><hex:02082CE4E80301FF01><hex:FF24><hex:02100103>Days Until Next Rank: <hex:022206E803FF022C03><hex:03>","",""
618,0,0,0,"You have <hex:022003E80203> <hex:020810E4E80202FF04>day<hex:FF05>days<hex:03> of play time remaining. Proceed to the Mog Station (https://sqex.to/Msp) to renew.","",""
619,0,0,0,"You have <hex:022003E80203> <hex:020810E4E80202FF04>day<hex:FF05>days<hex:03> left on your free trial. Proceed to <hex:020842E4E94C01FF33>the Square Enix Online Store (https://sqex.to/Msp)<hex:FF08><hex:024204F201A503><hex:03> to purchase the full version of FINAL FANTASY XIV and unlock all the game's features.","",""
620,0,0,0,"","",""
621,0,0,0,"Finalize your retainer's appearance?","",""
622,0,0,0,"Cancel retainer customization.","",""
623,0,0,0,"Cancel retainer customization?","",""
624,0,0,0,"","",""
625,0,0,0,"Cancel character customization and discard changes?","",""
626,0,0,0,"Finalize your character's appearance?","",""
627,0,0,0,"Revert to your character's current appearance?","",""
628,0,0,0,"","",""
629,0,0,0,"Log in with <hex:022903EA0203>?<hex:02100103><hex:024804F201FA03><hex:024904F201FB03>※Cancel and access the subcommand menu to re-edit your character.<hex:0249020103><hex:0248020103>","",""
630,0,0,0,"You are granted one opportunity to edit your character's race, tribe, gender, and appearance.","",""
631,0,0,0,"Are you certain you wish to alter your character's appearance?<hex:02100103><hex:024804F201FA03><hex:024904F201FB03>※Aesthetician-exclusive hairstyles or face paint patterns will be unavailable.<hex:02100103>※Depending on the race selected, certain hairstyles and helmets will be unavailable. <hex:02100103>※You may log in with this character as is.<hex:0249020103><hex:0248020103>","",""
632,0,0,0,"To re-edit your character's appearance, you must first log in and remove all your equipment, accessories, and facewear via the Character menu. Return to the login screen when ready.","",""
633,0,0,0,"Are you satisfied with the changes?<hex:02100103><hex:024804F201FA03><hex:024904F201FB03>※Depending on your selected race, certain hairstyles may be unavailable. <hex:0249020103><hex:0248020103>","",""
634,0,0,0,"Cancel appearance customization?","",""
635,0,0,0,"","",""
636,0,0,0," Pin Hairstyle","",""
637,0,0,0,"<hex:021E020E03> Pin Hairstyle","",""
638,0,0,0,"Show Only Pinned Hairstyles","",""
639,0,0,0,"Requires <hex:02310CFF05>Item<hex:02E802020203> to unlock this hairstyle at the aesthetician.","",""
640,0,0,0,"Requires <hex:02310CFF05>Item<hex:02E802020203> or completion of the seasonal quest “For the Winsome” to unlock this hairstyle at the aesthetician.","",""
641,0,0,0,"Hairstyle available in preparation for the Ceremony of Eternal Bonding.","",""
642,0,0,0,"Requires <hex:02310CFF05>Item<hex:02E802020203> or completion of the All Saints' Wake seasonal quests from “Affright and Delight” through “Yes We Cant” to unlock this face paint at the aesthetician.","",""
643,0,0,0,"Requires <hex:02310CFF05>Item<hex:02E802020203> to unlock this face paint at the aesthetician.","",""
644,0,0,0,"","",""
645,0,0,0,"Character was logged out or disconnected mid-duty. Unable to re-edit character.<hex:02100103>You must log in and leave the duty before trying again.","",""
646,0,0,0,"Character is currently bound by duty. Changes to race, gender, and appearance cannot be made.","",""
647,0,0,0,"Character is currently imprisoned in the Mordion Gaol. Unable to customize appearance.","",""
648,0,0,0,"Currently unable to change character race, gender, or appearance.","",""
649,0,0,0,"[ <hex:022903EA0203> ]","",""
650,0,0,0,"Disconnect from the <hex:022903EA0203> data center and connect to the <hex:022903EA0303> data center?","",""
651,0,0,0,"Saved data pertaining to HUD/window layout and size settings, including certain window-specific settings.","HUD Layout",""
652,0,1,0,"Saved data pertaining to hotbar/cross hotbar slot registration settings for all classes and jobs.","Hotbars",""
653,0,2,0,"Saved data pertaining to gear sets.","Gear Sets",""
654,0,3,0,"Saved data pertaining to character and control scheme settings, including keybinds and log filters.","Character Config",""
655,0,4,0,"Saved data pertaining to individual character macros.","Individual Macros",""
656,0,5,0,"Saved data pertaining to action change settings, favorites settings for the mount guide and other lists, as well as portrait settings, etc.","Others",""
657,0,0,0,"","",""
658,0,0,0,"","",""
659,0,0,0,"","",""
660,0,0,0,"Select Individually Select All","",""
661,0,0,0,"<hex:021E020903>Select Individually <hex:021E020B03>Select All","",""
662,0,0,0,"","",""
663,0,0,0,"","",""
664,0,0,0,"","",""
665,0,0,0,"","",""
666,0,0,0,"","",""
667,0,0,0,"","",""
668,0,0,0,"","",""
669,0,0,0,"","",""
670,0,0,0,"","",""
671,0,0,0,"","",""
672,0,0,0,"","",""
673,0,0,0,"","",""
674,0,0,0,"","",""
675,0,0,0,"","",""
676,0,0,0,"","",""
677,0,0,0,"","",""
678,0,0,0,"","",""
679,0,0,0,"","",""
680,0,0,0,"Job-specific Gear (Level 100)","",""
681,0,0,0,"Race-specific Gear","",""
682,0,0,0,"Dreadwyrm Gear","",""
683,0,0,0,"Ironworks Gear","",""
684,0,0,0,"Alexandrian Gear","",""
685,0,0,0,"Falling Dragon Gear","",""
686,0,0,0,"Storm Elite Gear","",""
687,0,0,0,"Serpent Elite Gear","",""
688,0,0,0,"Flame Elite Gear","",""
689,0,0,0,"Genji Gear","",""
690,0,0,0,"Omega Gear","",""
691,0,0,0,"Hellhound Gear","",""
692,0,0,0,"Dwarven Gear","",""
693,0,0,0,"Edenmorn Gear","",""
694,0,0,0,"Anabaseios Gear","",""
695,0,0,0,"Legacy Gear","",""
696,0,0,0,"Wild Rose Attire","",""
697,0,0,0,"Moonward Gear","",""
698,0,0,0,"Strife Attire","",""
699,0,0,0,"Leonheart Attire","",""
700,0,0,0,"Tantalus Attire","",""
701,0,0,0,"Abes/High Summoner Attire","",""
702,0,0,0,"Snow's/Lightning's Attire","",""
703,0,0,0,"Sharlayan Prodigy's Suit","",""
704,0,0,0,"Lucian Prince's Attire","",""
705,0,0,0,"Metian Attire","",""
706,0,0,0,"Swine Suit","",""
707,0,0,0,"","",""
708,0,0,0,"","",""
709,0,0,0,"","",""
710,0,0,0,"","",""
711,0,0,0,"","",""
712,0,0,0,"","",""
713,0,0,0,"","",""
714,0,0,0,"","",""
715,0,0,0,"","",""
716,0,0,0,"","",""
717,0,0,0,"","",""
718,0,0,0,"","",""
719,0,0,0,"","",""
720,0,0,0,"","",""
721,0,0,0,"","",""
722,0,0,0,"","",""
723,0,0,0,"","",""
724,0,0,0,"","",""
725,0,0,0,"","",""
726,0,0,0,"","",""
727,0,0,0,"","",""
728,0,0,0,"","",""
729,0,0,0,"","",""
730,0,0,0,"","",""
731,0,0,0,"","",""
732,0,0,0,"","",""
733,0,0,0,"","",""
734,0,0,0,"","",""
735,0,0,0,"","",""
736,0,0,0,"","",""
737,0,0,0,"","",""
738,0,0,0,"","",""
739,0,0,0,"","",""
740,0,0,0,"","",""
741,0,0,0,"","",""
742,0,0,0,"","",""
743,0,0,0,"","",""
744,0,0,0,"","",""
745,0,0,0,"","",""
746,0,0,0,"","",""
747,0,0,0,"","",""
748,0,0,0,"","",""
749,0,0,0,"","",""
750,0,0,0,"","",""
751,0,0,0,"","",""
752,0,0,0,"","",""
753,0,0,0,"","",""
754,0,0,0,"","",""
755,0,0,0,"","",""
756,0,0,0,"","",""
757,0,0,0,"","",""
758,0,0,0,"","",""
759,0,0,0,"","",""
760,0,0,0,"","",""
761,0,0,0,"","",""
762,0,0,0,"","",""
763,0,0,0,"","",""
764,0,0,0,"","",""
765,0,0,0,"","",""
766,0,0,0,"","",""
767,0,0,0,"","",""
768,0,0,0,"","",""
769,0,0,0,"","",""
770,0,0,0,"","",""
771,0,0,0,"","",""
772,0,0,0,"","",""
773,0,0,0,"","",""
774,0,0,0,"","",""
775,0,0,0,"","",""
776,0,0,0,"","",""
777,0,0,0,"","",""
778,0,0,0,"","",""
779,0,0,0,"","",""
780,0,0,0,"","",""
781,0,0,0,"","",""
782,0,0,0,"","",""
783,0,0,0,"","",""
784,0,0,0,"","",""
785,0,0,0,"","",""
786,0,0,0,"","",""
787,0,0,0,"","",""
788,0,0,0,"","",""
789,0,0,0,"","",""
790,0,0,0,"","",""
791,0,0,0,"Japanese Data Center","",""
792,0,0,0,"North American Data Center","",""
793,0,0,0,"European Data Center","",""
794,0,0,0,"Oceanian Data Center","",""
795,0,0,0,"","",""
796,0,0,0,"","",""
797,0,0,0,"","",""
798,0,0,0,"","",""
799,0,0,0,"","",""
800,0,0,0,"Data Center Selection","",""
801,0,0,0,"","",""
802,0,0,0,"Data Center","",""
803,0,0,0,"Information","",""
804,0,0,0,"","",""
805,0,0,0,"","",""
806,0,0,0,"FINAL FANTASY XIV requires connecting to one of several data centers to play. The closer your physical location to the data center, the smoother gameplay will be.<hex:02100103><hex:02100103><hex:0208F202A7E1E80201FFF20216>The center you have selected is recommended for residents of <hex:02093DE802FF06>Japan<hex:FF0E>North America<hex:FF07>Europe<hex:FF08>Oceania<hex:FF01><hex:FF01><hex:FF0E>North America<hex:03>. Select if you wish to create a character and play in one of the Worlds listed.<hex:02100103><hex:02088BE4E80208FF83><hex:024804F2023703><hex:024904F2023803>This data center is for cloud stress testing only. No connections can be made outside the test period.<hex:0249020103><hex:0248020103><hex:02100103><hex:FF01><hex:03><hex:02100103>Each data center contains several unique Worlds (servers). If you have already decided which World on which you are going to play, you should select the corresponding data center.<hex:FF88>First choose your region, and then select your data center. All data centers within the same region offer the same quality of gameplay.<hex:03>","",""
807,0,0,0,"","",""
808,0,0,0,"Connecting to the <hex:022903EA0203> data center.","",""
809,0,0,0,"Acquiring character list.","",""
810,0,0,0,"Proceed","",""
811,0,0,0,"Cancel","",""
812,0,0,0,"Japanese Data Centers","",""
813,0,0,0,"North American Data Centers","",""
814,0,0,0,"European Data Centers","",""
815,0,0,0,"Oceanian Data Center","",""
816,0,0,0,"NA Cloud Data Center (Beta)","",""
817,0,0,0,"","",""
818,0,0,0,"","",""
819,0,0,0,"","",""
820,0,0,0,"“World” is another name for the server on which your character will reside.<hex:02100103>Once you have chosen a Home World, chances to move to another will be limited,<hex:02100103>so if you have made plans to play FINAL FANTASY XIV with friends, make<hex:02100103>certain that you all select the same one.<hex:02100103><hex:02100103>Worlds are divided between data centers based on the location of their servers.<hex:02100103>To ensure you encounter the fewest number of latency issues, it is recommended,<hex:02100103>but not required, that you select a data center that is geographically closer<hex:02100103>to you. If you do not see your preferred World displayed, please suspend character<hex:02100103>creation and select a different data center via the Character Selection screen<hex:02100103>or the Data Center menu option on the title screen. Legacy Worlds (servers existing<hex:02100103>since the original launch) are indicated in parentheses.<hex:02100103><hex:02100103><hex:02088BE4E80408FF83><hex:024804F2023703><hex:024904F2023803>This data center is for cloud stress testing only. No connections can be made outside the test period.<hex:02100103><hex:0249020103><hex:0248020103><hex:FF01><hex:03><hex:020882E4E80302FF7A><hex:02100103><hex:02100103><hex:0212026403><hex:024804F201FA03><hex:024904F201FB03>EXP bonuses are currently being granted to all new players<hex:02100103>created on this world.<hex:0249020103><hex:0248020103><hex:FF01><hex:03><hex:0208F20142E4E80303FFF20138><hex:02100103><hex:02100103><hex:024804F201FE03><hex:024904F201FF03>The creation of characters on this World is currently restricted. You must<hex:02100103>either wait for this restriction to be lifted, or create a character on another<hex:02100103>World. In the event you create a character on another World, you may use the<hex:02100103>World Visit system to play on this one.<hex:0249020103><hex:0248020103><hex:FF01><hex:03>","",""
821,0,0,0,"","",""
822,0,0,0,"","",""
823,0,0,0,"Load character creation data for the <hex:02092FE805FF14>male <hex:02280BFF06>Tribe<hex:E8040103><hex:FF16>female <hex:02280BFF06>Tribe<hex:E8040203><hex:03> saved to slot <hex:022003E80303> at <hex:020703E80203><hex:022002DB03>:<hex:022402DA03> on <hex:02082BE4E94E04FF12><hex:022002DC03>/<hex:022002DE03>/<hex:022002DF03><hex:FF12><hex:022002DE03>/<hex:022002DC03>/<hex:022002DF03><hex:03>?","",""
824,0,0,0,"Saved appearance data found in the FINAL FANTASY XIV folder. Select data to load and continue to the final step.","",""
825,0,0,0,"","",""
826,0,0,0,"","",""
827,0,0,0,"","",""
828,0,0,0,"","",""
829,0,0,0,"","",""
830,0,0,0,"","",""
831,0,0,0,"","",""
832,0,0,0,"Load saved character creation data?","",""
833,0,0,0,"","",""
834,0,0,0,"","",""
835,0,0,0,"","",""
836,0,0,0,"Feature not yet available on PlayStation®4.","",""
837,0,0,0,"<hex:02100103>(Source)","",""
838,0,0,0,"<hex:02100103>(Target)","",""
839,0,0,0,"<hex:021E020603> Scroll","",""
840,0,0,0,"Back Up Client Settings","",""
841,0,0,0,"Back Up Character Settings","",""
842,0,0,0,"Back Up Character Settings","",""
843,0,0,0,"Client Settings Backup","",""
844,0,0,0,"Character Settings Backup","",""
845,0,0,0,"Client Settings Data","",""
846,0,0,0,"Character Settings Data","",""
847,0,0,0,"Download","",""
848,0,0,0,"Upload","",""
849,0,0,0,"","",""
850,0,0,0,"","",""
851,0,0,0,"Save a backup of local system settings for UI, sound, user macros, and more to the server.<hex:02100103>※Display resolution, graphics quality, input device, and other settings dependent on current play environment will not be saved.","",""
852,0,0,0,"Save a backup of local character settings, HUD layout, hotbars, gear sets, and more to the server.<hex:02100103>※Item sort settings and inventory location data will not be saved.<hex:020847E4E94F64FF3F><hex:02100103>※Only HUD size and layout will be saved for remote play.<hex:FF01><hex:03>","",""
853,0,0,0,"","",""
854,0,0,0,"","",""
855,0,0,0,"This feature is unavailable on the free trial.","",""
856,0,0,0,"The server is experiencing unusually heavy traffic. Please try again later.","",""
857,0,0,0,"Download","",""
858,0,0,0,"Upload","",""
859,0,0,0,"Server Backup","",""
860,0,0,0,"Client Data","",""
861,0,0,0,"Save <hex:024804F2023703><hex:024904F2023803>Client Settings<hex:0249020103><hex:0248020103> to the server.<hex:02100103>※Server data will only be overwritten if more than 23 hours have passed since last upload.","",""
862,0,0,0,"Save selected <hex:024804F2023903><hex:024904F2023A03>Character Settings<hex:0249020103><hex:0248020103> to the server.<hex:02100103>※Server data will only be overwritten if more than 23 hours have passed since last upload.","",""
863,0,0,0,"Download previously saved <hex:024804F2023703><hex:024904F2023803>Client Settings<hex:0249020103><hex:0248020103> from the server and apply them to the current play environment.","",""
864,0,0,0,"Download previously saved <hex:024804F2023903><hex:024904F2023A03>Character Settings<hex:0249020103><hex:0248020103> from the server and apply them to the selected character.","",""
865,0,0,0,"Select data from another character.","",""
866,0,0,0,"Selected Character","",""
867,0,0,0,"Recently Backed Up Characters (Same DC Only)","",""
868,0,0,0,"No Data","",""
869,0,0,0,"Backup Date: <hex:020703E80203><hex:022002DE03>/<hex:022002DC03>/<hex:022002DF03> <hex:022002DB03>:<hex:022402DA03>","",""
870,0,0,0,"[<hex:020927E802FF04>Win<hex:FF04>PS4<hex:FF04>Mac<hex:FF04>PS5<hex:FF05>Xbox<hex:FF09>Switch 2<hex:03>]","",""
871,0,0,0,"Ready to create backup.","",""
872,0,0,0,"Ready to download.","",""
873,0,0,0,"Apply <hex:024804F2023903><hex:024904F2023A03>Character Settings<hex:0249020103><hex:0248020103> for a different character.","",""
874,0,0,0,"This data has already been uploaded.","",""
875,0,0,0,"You have recently uploaded backup data.<hex:02100103>You cannot upload data again until <hex:020703E80203><hex:022002DE03>/<hex:022002DC03>/<hex:022002DF03> (<hex:022002DB03>:<hex:022402DA03>)","",""
876,0,0,0,"There is no backup data for <hex:024804F2023703><hex:024904F2023803>Client Settings<hex:0249020103><hex:0248020103>.","",""
877,0,0,0,"There is no backup data for the character selected.","",""
878,0,0,0,"Data consists only of default settings.","",""
879,0,0,0,"Unable to upload backup data at this time.","",""
880,0,0,0,"Backup features are currently unavailable.","",""
881,0,0,0,"","",""
882,0,0,0,"","",""
883,0,0,0,"","",""
884,0,0,0,"Data Ready","",""
885,0,0,0,"Preparing data...","",""
886,0,0,0,"Downloading backup data...","",""
887,0,0,0,"Uploading backup data...","",""
888,0,0,0,"<hex:024804F2023703><hex:024904F2023803>Client Settings<hex:0249020103><hex:0248020103> successfully applied.<hex:02100103>※Certain changes will only be reflected upon restarting the client.","",""
889,0,0,0,"<hex:024804F2023703><hex:024904F2023803>Client Settings<hex:0249020103><hex:0248020103> data saved to the server.","",""
890,0,0,0,"Character Settings successfully applied to <hex:022903EA0203><hex:0212025903><hex:022903EA0303>.","",""
891,0,0,0,"Character Settings for <hex:022903EA0203><hex:0212025903><hex:022903EA0303> successfully uploaded to the server.","",""
892,0,0,0,"Insufficient settings data. Unable to perform backup.<hex:02100103>Log in with the character and try again.<hex:02100103>(<hex:022003E80203>)","",""
893,0,0,0,"Settings data is corrupted. Unable to perform backup.<hex:02100103>Log in with the character and try again.<hex:02100103>(<hex:022003E80203>)","",""
894,0,0,0,"Unable to create backup data.<hex:02100103>Log in with the character and then try again.<hex:02100103>(<hex:022003E80203>)","",""
895,0,0,0,"Unable to upload backup data.<hex:02100103>Log in to confirm that character data is not corrupted then attempt upload again later.<hex:02100103>(<hex:022003E80203>)","",""
896,0,0,0,"Unable to upload backup data.<hex:02100103>Log in to confirm that character data is not corrupted then attempt upload again later.<hex:02100103>(<hex:022003E80203>)","",""
897,0,0,0,"Unable to apply backup data.<hex:02100103>There is not enough disk space available.<hex:02100103>(<hex:022003E80203>)","",""
898,0,0,0,"An error has occurred.<hex:02100103>Please try again later.<hex:02100103>(<hex:022003E80203>)","",""
899,0,0,0,"Canceling download. Existing data and backup data are identical.","",""
900,0,1,0,"Saves UI size, frame rate limit, and other display settings.<hex:02100103>※Resolution and other graphical settings dependent on current play environment will not be saved.","Display",""
901,0,11,0,"Saves volume, mute, and other sound settings.","Sound",""
902,0,41,0,"Saves <hex:022F08FF06024202160303> and mouse settings.<hex:02100103>※Input device information will not be saved.","Input Device",""
903,0,181,0,"Saves your preferred color scheme.","Theme Settings",""
904,0,51,0,"Saves movie/cutscene voice settings.<hex:02100103>※Settings dependent on current play environment will not be saved.","Others",""
905,0,61,0,"Saves visual alert and color filtering settings.","Accessibility",""
906,0,161,0,"Saves shared macros.<hex:02100103>※Individual macros are saved by backing up <hex:024804F2023903><hex:024904F2023A03>Character Settings<hex:0249020103><hex:0248020103>.","Shared Macros",""
907,0,0,0,"","",""
908,0,0,0,"","",""
909,0,0,0,"","",""
910,0,0,0,"","",""
911,0,0,0,"","",""
912,0,0,0,"","",""
913,0,0,0,"","",""
914,0,0,0,"","",""
915,0,0,0,"","",""
916,0,0,0,"","",""
917,0,0,0,"","",""
918,0,0,0,"","",""
919,0,0,0,"","",""
920,0,131,0,"Saves <hex:022F2DFF2B020827E1E94C01FF10024202020320616E64206D6F757365FF10024202020320616E64206D6F7573650303> mode settings.","Character Config",""
921,0,91,0,"Saves HUD layout and size settings.","HUD Layout",""
922,0,111,0,"Saves hotbar/cross hotbar settings for all classes and jobs.","Hotbars",""
923,0,141,0,"Saves gear sets.","Gear Sets",""
924,0,151,0,"Saves shortcut key settings.","Key Bindings",""
925,0,121,0,"Saves chat log filter settings.","Log Filters",""
926,0,161,0,"Saves individual character macros.<hex:02100103>※Shared macros are saved by backing up <hex:024804F2023703><hex:024904F2023803>Client Settings<hex:0249020103><hex:0248020103>.","Individual Macros",""
927,0,51,0,"Saves Triple Triad and Lord of Verminion settings.","Others",""
928,0,171,0,"Saves friend list group names and contact list.","Social",""
929,0,0,0,"","",""
930,0,0,0,"","",""
931,0,0,0,"","",""
932,0,0,0,"","",""
933,0,0,0,"","",""
934,0,0,0,"","",""
935,0,0,0,"","",""
936,0,0,0,"","",""
937,0,0,0,"","",""
938,0,0,0,"","",""
939,0,0,0,"","",""
940,0,0,0,"Restore","",""
941,0,0,0,"Restore <hex:020817E4E94C01FF07>Macros<hex:FF09>Settings<hex:03>","",""
942,0,0,0,"Restore Settings","",""
943,0,0,0,"Restore <hex:020825E4E94C01FF0E>Shared Macros<hex:FF10>Client Settings<hex:03>","",""
944,0,0,0,"","",""
945,0,0,0,"<hex:020831E4E94C01FF29>Up to 100 shared macros can be restored.<hex:FF01><hex:03>","",""
946,0,0,0,"If a problem occurred applying <hex:024804F2023703><hex:024904F2023803>Client Settings<hex:0249020103><hex:0248020103>, you can use this feature to restore your <hex:020816E4E94C01FF0E>shared macro <hex:FF01><hex:03>settings to those automatically recorded at a previous date.","",""
947,0,0,0,"Settings are automatically saved each time you download and apply new data (up to 10 instances).<hex:02100103>No data currently exists.","",""
948,0,0,0,"Automatic Backup: <hex:020703E80203><hex:022002DE03>/<hex:022002DC03>/<hex:022002DF03> <hex:022002DB03>:<hex:022402DA03>","",""
949,0,0,0,"Restore Character Settings","",""
950,0,0,0,"","",""
951,0,0,0,"","",""
952,0,0,0,"If a problem occurred applying <hex:024804F2023903><hex:024904F2023A03>Character Settings<hex:0249020103><hex:0248020103>, you can use this feature to restore your settings to those automatically recorded at a previous date.","",""
953,0,0,0,"Settings are automatically saved each time you download and apply new data (up to 10 instances).<hex:02100103>No data currently exists.","",""
954,0,0,0,"Restore <hex:020829E4E94C01FF12>shared macro data<hex:FF10>Client Settings<hex:03> for <hex:020703E80203><hex:022002DE03>/<hex:022002DC03>/<hex:022002DF03> <hex:022002DB03>:<hex:022402DA03>?","",""
955,0,0,0,"Restore <hex:024804F2023903><hex:024904F2023A03>Character Settings<hex:0249020103><hex:0248020103> for <hex:020703E80203><hex:022002DE03>/<hex:022002DC03>/<hex:022002DF03> <hex:022002DB03>:<hex:022402DA03>?","",""
956,0,0,0,"<hex:020825E4E94C01FF0E>Shared macros<hex:FF10>Client Settings<hex:03> successfully restored.","",""
957,0,0,0,"Unable to restore <hex:020825E4E94C01FF0E>shared macros<hex:FF10>Client Settings<hex:03>.","",""
958,0,0,0,"<hex:024804F2023903><hex:024904F2023A03>Character Settings<hex:0249020103><hex:0248020103> successfully restored.","",""
959,0,0,0,"Unable to restore <hex:024804F2023903><hex:024904F2023A03>Character Settings<hex:0249020103><hex:0248020103>.","",""
960,0,0,0,"Unable to download data. Backup file may be missing or corrupted.","",""
961,0,0,0,"Corrupted","",""
962,0,0,0,"This feature allows you to save backups of your Client and Character Configuration Settings to the FINAL FANTASY XIV servers, as well as import these backups to your <hex:020818E4E94C01FF09>hardware<hex:FF08><hex:024204F201E103><hex:03>, thereby allowing you to easily carry over your preferences to a different play environment.<hex:02100103><hex:02100103>It is strongly recommended that you save your data locally before attempting a backup or download.<hex:020886E4E94C01FF7E> In addition to manually backing up your data, please select the Config option found in the launcher and use the Backup Tool.<hex:FF01><hex:03>","",""
963,0,0,0,"","",""
964,0,0,0,"","",""
965,0,0,0,"","",""
966,0,0,0,"Unable to retrieve file list.","",""
967,0,0,0,"Unable to retrieve file list.","",""
968,0,0,0,"Unable to retrieve data.","",""
969,0,0,0,"Unable to restore settings using specified data.","",""
970,0,0,0,"Unable to prepare data for restoration.","",""
971,0,0,0,"Unable to restore data.","",""
972,0,0,0,"","",""
973,0,0,0,"Searching for data...","",""
974,0,0,0,"Preparing download...","",""
975,0,0,0,"Import Character Settings","",""
976,0,0,0,"<hex:020703E80203><hex:022002DE03>/<hex:022002DC03>/<hex:022002DF03> <hex:022002DB03>:<hex:022402DA03>:<hex:022402D903>","",""
977,0,0,0,"","",""
978,0,0,0,"","",""
979,0,0,0,"Client Settings Data","",""
980,0,0,0,"System Configuration Backup","",""
981,0,0,0,"I understand.","",""
982,0,0,0,"The last backup of <hex:020825E4E80303FF01><hex:FF1D>client data <hex:02080DE4E80302FF01><hex:FF05>and <hex:03><hex:03><hex:02085BE4E80302FF01><hex:FF53>character data for the last character you logged in with in this play environment <hex:03>was created <hex:020832E0E80202FF1B><hex:022003E80203> <hex:020810E4E80202FF04>day<hex:FF05>days<hex:03><hex:FF10>less than 1 day<hex:03> ago.<hex:02100103>Creating routine backups is recommended.","",""
983,0,0,0,"Notify after a set time has elapsed since the last backup.","",""
984,0,0,0,"※Settings can be adjusted via System Configuration.","",""
985,0,0,0,"OK","",""
986,0,0,0,"","",""
987,0,0,0,"The selected character's data will be copied.<hex:02100103>※Creating a backup of character settings is recommended.","",""
988,0,0,0,"","",""
989,0,0,0,"","",""
990,0,0,0,"","",""
991,0,0,0,"Game Manual","",""
992,0,0,0,"","",""
993,0,0,0,"Copy Character Settings","",""
994,0,0,0,"Select the data you wish to copy from the selected character.","",""
995,0,0,0,"Select the character you wish to copy HUD layout, hotbar configuration, and other settings from.<hex:02100103>※Up to 8 recently logged-in characters will be displayed.","",""
996,0,0,0,"Searching for other character data...","",""
997,0,0,0,"Applicable character data could not be found.","",""
998,0,0,0,"Character settings copied.<hex:02100103>Settings will be applied the next time you log in with this character.","",""
999,0,0,0,"","",""
1000,0,0,0,"Tail Length","",""
1001,0,0,0,"Tail Shape","",""
1002,0,0,0,"","",""
1003,0,0,0,"Short","",""
1004,0,0,0,"","",""
1005,0,0,0,"","",""
1006,0,0,0,"","",""
1007,0,0,0,"Long","",""
1008,0,0,0,"","",""
1009,0,0,0,"","",""
1010,0,0,0,"","",""
1011,0,0,0,"","",""
1012,0,0,0,"","",""
1013,0,0,0,"Fur Pattern","",""
1014,0,0,0,"Fur Color","",""
1015,0,0,0,"Ear Length","",""
1016,0,0,0,"Ear Shape","",""
1017,0,0,0,"Bust Size","",""
1018,0,0,0,"Short","",""
1019,0,0,0,"","",""
1020,0,0,0,"","",""
1021,0,0,0,"","",""
1022,0,0,0,"Long","",""
1023,0,0,0,"Type 1","",""
1024,0,0,0,"Type 2","",""
1025,0,0,0,"Type 3","",""
1026,0,0,0,"Type 4","",""
1027,0,0,0,"","",""
1028,0,0,0,"Small","",""
1029,0,0,0,"","",""
1030,0,0,0,"","",""
1031,0,0,0,"","",""
1032,0,0,0,"Large","",""
1033,0,0,0,"Ear Shape","",""
1034,0,0,0,"Ear Length","",""
1035,0,0,0,"Short","",""
1036,0,0,0,"Long","",""
1037,0,0,0,"Bust Size","",""
1038,0,0,0,"Small","",""
1039,0,0,0,"Large","",""
1040,0,0,0,"Tail Shape","",""
1041,0,0,0,"Tail Length","",""
1042,0,0,0,"Short","",""
1043,0,0,0,"Long","",""
1044,0,0,0,"Fang Length","",""
1045,0,0,0,"Tattoos","",""
1046,0,0,0,"Tattoo Color","",""
1047,0,0,0,"Other Features","",""
1048,0,0,0,"","",""
1049,0,0,0,"","",""
1050,0,0,0,"Type 1","",""
1051,0,0,0,"Type 2","",""
1052,0,0,0,"Type 3","",""
1053,0,0,0,"Type 4","",""
1054,0,0,0,"","",""
1055,0,0,0,"Type 1","",""
1056,0,0,0,"Type 2","",""
1057,0,0,0,"Type 3","",""
1058,0,0,0,"Type 4","",""
1059,0,0,0,"Type 5","",""
1060,0,0,0,"Type 6","",""
1061,0,0,0,"","",""
1062,0,0,0,"","",""
1063,0,0,0,"","",""
1064,0,0,0,"","",""
1065,0,0,0,"Type 1","",""
1066,0,0,0,"Type 2","",""
1067,0,0,0,"Type 3","",""
1068,0,0,0,"Type 4","",""
1069,0,0,0,"Type 5","",""
1070,0,0,0,"Type 6","",""
1071,0,0,0,"","",""
1072,0,0,0,"","",""
1073,0,0,0,"","",""
1074,0,0,0,"","",""
1075,0,0,0,"Large","",""
1076,0,0,0,"Small","",""
1077,0,0,0,"","",""
1078,0,0,0,"","",""
1079,0,0,0,"","",""
1080,0,0,0,"Type 1","",""
1081,0,0,0,"Type 2","",""
1082,0,0,0,"Type 3","",""
1083,0,0,0,"Type 4","",""
1084,0,0,0,"Type 5","",""
1085,0,0,0,"Type 6","",""
1086,0,0,0,"","",""
1087,0,0,0,"","",""
1088,0,0,0,"","",""
1089,0,0,0,"","",""
1090,0,0,0,"Type 1","",""
1091,0,0,0,"Type 2","",""
1092,0,0,0,"Type 3","",""
1093,0,0,0,"Type 4","",""
1094,0,0,0,"","",""
1095,0,0,0,"","",""
1096,0,0,0,"","",""
1097,0,0,0,"","",""
1098,0,0,0,"","",""
1099,0,0,0,"","",""
1100,0,0,0,"Visit Another World Server","",""
1101,0,0,0,"To avoid congested servers, you may temporarily transfer your character to a less-crowded World.<hex:02100103><hex:024804F2023703><hex:024904F2023803>• The destination World is chosen automatically.<hex:02100103>• Logging in will place your character at the aetheryte of your starting nation.<hex:0249020103><hex:0248020103><hex:02100103>Those unfamiliar with the World Visit system and its restrictions should refer to the explanation below.","",""
1102,0,0,0,"Using the World Visit System","",""
1103,0,0,0,"Close","",""
1104,0,0,0,"Visit Another World Server","",""
1105,0,0,0,"Cancel","",""
1106,0,0,0,"World Visit request accepted. Please wait until the transfer is complete.","",""
1107,0,0,0,"Unable to submit World Visit request at this time.","",""
1108,0,0,0,"Unable to visit other Worlds at this time. Please wait before attempting another transfer.","",""
1109,0,0,0,"To visit other Worlds with this character, you must first select a different name using the Change Name subcommand.","",""
1110,0,0,0,"To visit other Worlds with this character, you must first select a different retainer name using the Change Retainer Name subcommand.","",""
1111,0,0,0,"Character was logged out or disconnected mid-duty. Unable to process <hex:020828E1E80201FF15>Return to Home World<hex:FF0C>World Visit<hex:03> request.<hex:02100103>You must log in before a new request can be processed.","",""
1112,0,0,0,"Character has not completed the game's opening event. Unable to submit World Visit request.","",""
1113,0,0,0,"Character is currently imprisoned in the Mordion Gaol. <hex:020828E1E80201FF15>Return to Home World<hex:FF0C>World Visit<hex:03> request denied.","",""
1114,0,0,0,"World Visit system is temporarily unavailable.","",""
1115,0,0,0,"World Visit transfer failed. Please wait before submitting another transfer request via the subcommand.","",""
1116,0,0,0,"World Visit transfer successful. Login to <hex:022903EA0203> now available.","",""
1117,0,0,0,"Return to Home World","",""
1118,0,0,0,"<hex:021E021903> Scroll","",""
1119,0,0,0,"","",""
1120,0,0,0,"","",""
1121,0,0,0,"","",""
1122,0,0,0,"","",""
1123,0,0,0,"","",""
1124,0,0,0,"","",""
1125,0,0,0,"","",""
1126,0,0,0,"","",""
1127,0,0,0,"","",""
1128,0,0,0,"","",""
1129,0,0,0,"","",""
1130,0,0,0,"","",""
1131,0,0,0,"","",""
1132,0,0,0,"","",""
1133,0,0,0,"","",""
1134,0,0,0,"","",""
1135,0,0,0,"","",""
1136,0,0,0,"","",""
1137,0,0,0,"","",""
1138,0,0,0,"","",""
1139,0,0,0,"","",""
1140,0,0,0,"","",""
1141,0,0,0,"","",""
1142,0,0,0,"","",""
1143,0,0,0,"","",""
1144,0,0,0,"","",""
1145,0,0,0,"","",""
1146,0,0,0,"","",""
1147,0,0,0,"","",""
1148,0,0,0,"","",""
1149,0,0,0,"","",""
1150,0,0,0,"Visit Another Data Center","",""
1151,0,0,0,"Return to Home Data Center","",""
1152,0,0,0,"TRAVELED FROM","",""
1153,0,0,0,"TRAVELED TO","",""
1154,0,0,0,"<hex:022903EA0203> (<hex:022903EA0303>)","",""
1155,0,0,0,"The Data Center Travel system allows your character to visit Worlds in other data centers, where you can create parties with friends, trade items, challenge duties, and more.<hex:02100103><hex:02100103>※Certain features will be unavailable while visiting other data centers, including access to linkshell and free company chat channels affiliated with your Home Data Center.","",""
1156,0,0,0,"Using the Data Center Travel System","",""
1157,0,0,0,"注意事項について了承しました","",""
1158,0,0,0,"Select World","",""
1159,0,0,0,"Cancel","",""
1160,0,0,0,"","",""
1161,0,0,0,"Close","",""
1162,0,0,0,"Select the data center and World you wish to visit.<hex:02100103>Estimated Travel Time: <hex:0208F0E6E3E8023DFF13>Less than 1 minute<hex:FFCD><hex:0208C9E3E80279FF14>Less than 2 minutes<hex:FFAE><hex:0208AAE3E802B5FF14>Less than 3 minutes<hex:FF8F><hex:02088BE3E802F2012CFF14>Less than 5 minutes<hex:FF6E><hex:02086AE3E802F20258FF15>Less than 10 minutes<hex:FF4C><hex:020848E3E802F204B0FF15>Less than 20 minutes<hex:FF2A>Unknown. Servers are currently congested.<hex:03><hex:03><hex:03><hex:03><hex:03><hex:03>","",""
1163,0,0,0,"Returning to Home Data Center and Home World.<hex:02100103>Estimated Travel Time: <hex:0208F0E6E3E8023DFF13>Less than 1 minute<hex:FFCD><hex:0208C9E3E80279FF14>Less than 2 minutes<hex:FFAE><hex:0208AAE3E802B5FF14>Less than 3 minutes<hex:FF8F><hex:02088BE3E802F2012CFF14>Less than 5 minutes<hex:FF6E><hex:02086AE3E802F20258FF15>Less than 10 minutes<hex:FF4C><hex:020848E3E802F204B0FF15>Less than 20 minutes<hex:FF2A>Unknown. Servers are currently congested.<hex:03><hex:03><hex:03><hex:03><hex:03><hex:03>","",""
1164,0,0,0,"DATA CENTER","",""
1165,0,0,0,"WORLD","",""
1166,0,0,0,"Confirm","",""
1167,0,0,0,"Cancel","",""
1168,0,0,0,"❖<hex:022903EA0203>","",""
1169,0,0,0,"Retrieving World data...","",""
1170,0,0,0,"<hex:022903EA0203><hex:0212025903><hex:022903EA0303> will now be transported to <hex:022903EA0503> in the <hex:022903EA0403> data center.<hex:02100103>Estimated Travel Time: <hex:0208F0E6E3E8023DFF13>Less than 1 minute<hex:FFCD><hex:0208C9E3E80279FF14>Less than 2 minutes<hex:FFAE><hex:0208AAE3E802B5FF14>Less than 3 minutes<hex:FF8F><hex:02088BE3E802F2012CFF14>Less than 5 minutes<hex:FF6E><hex:02086AE3E802F20258FF15>Less than 10 minutes<hex:FF4C><hex:020848E3E802F204B0FF15>Less than 20 minutes<hex:FF2A>Unknown. Servers are currently congested.<hex:03><hex:03><hex:03><hex:03><hex:03><hex:03><hex:02100103><hex:02100103><hex:024804F2023703><hex:024904F2023803>Please note the following:<hex:02100103>・This process may take several minutes to complete.<hex:02100103>・You will be unable to cancel this process while it is underway.<hex:02100103>・You will be unable to log in with a different character until this process has been completed.<hex:02100103><hex:02100103>※Travel times may take longer during periods of server congestion.<hex:0249020103><hex:0248020103>","",""
1171,0,0,0,"Proceed","",""
1172,0,0,0,"Previous Step","",""
1173,0,0,0,"Your character is traveling between data centers. Please wait until they have reached their destination.<hex:02100103>Estimated Travel Time: <hex:0208F0E6E3E8023DFF13>Less than 1 minute<hex:FFCD><hex:0208C9E3E80279FF14>Less than 2 minutes<hex:FFAE><hex:0208AAE3E802B5FF14>Less than 3 minutes<hex:FF8F><hex:02088BE3E802F2012CFF14>Less than 5 minutes<hex:FF6E><hex:02086AE3E802F20258FF15>Less than 10 minutes<hex:FF4C><hex:020848E3E802F204B0FF15>Less than 20 minutes<hex:FF2A>Unknown. Servers are currently congested.<hex:03><hex:03><hex:03><hex:03><hex:03><hex:03>","",""
1174,0,0,0,"<hex:022903EA0203><hex:0212025903><hex:022903EA0303> has arrived safely on <hex:022903EA0503> in the <hex:022903EA0403> data center!","",""
1175,0,0,0,"This character is currently visiting the <hex:022903EA0203> data center.","",""
1176,0,0,0,"A name change is required to log in with this character. Please return to your Home World to change your name.","",""
1177,0,0,0,"A name change for your retainer is required to log in with this character. Please return to your Home World to change your retainer's name.","",""
1178,0,0,0,"You may perform any necessary name changes by returning to your Home World.<hex:02100103>After changing names, logging in will place your character at the aetheryte of your starting nation.","",""
1179,0,0,0,"Return to Home World request accepted. Please wait until the transfer is complete.","",""
1180,0,0,0,"Unable to submit Return to Home World request at this time.","",""
1181,0,0,0,"Unable to return to Home World at this time. Please wait before attempting to return again.","",""
1182,0,0,0,"Return to Home World failed. Please wait before submitting another Return to Home World request via the subcommand.","",""
1183,0,0,0,"Successfully returned to Home World.","",""
1184,0,0,0,"A name change is required to log in with this character. Please return to your Home World to change your name.","",""
1185,0,0,0,"A name change for your retainer is required to log in with this character. Please return to your Home World to change your retainer's name.","",""
1186,0,0,0,"Proceed","",""
1187,0,0,0,"Time Elapsed:","",""
1188,0,0,0,"Select Data Center","",""
1189,0,0,0,"Select World","",""
1190,0,0,0,"Proceed","",""
1191,0,0,0,"<hex:022903EA0203><hex:0212025903><hex:022903EA0303> will now be returned to Home World <hex:022903EA0503> in the <hex:022903EA0403> data center.<hex:02100103>Estimated Travel Time: <hex:0208F0E6E3E8023DFF13>Less than 1 minute<hex:FFCD><hex:0208C9E3E80279FF14>Less than 2 minutes<hex:FFAE><hex:0208AAE3E802B5FF14>Less than 3 minutes<hex:FF8F><hex:02088BE3E802F2012CFF14>Less than 5 minutes<hex:FF6E><hex:02086AE3E802F20258FF15>Less than 10 minutes<hex:FF4C><hex:020848E3E802F204B0FF15>Less than 20 minutes<hex:FF2A>Unknown. Servers are currently congested.<hex:03><hex:03><hex:03><hex:03><hex:03><hex:03><hex:02100103><hex:02100103><hex:024804F2023703><hex:024904F2023803>Please note the following:<hex:02100103>・This process may take several minutes to complete.<hex:02100103>・You will be unable to cancel this process while it is underway.<hex:02100103>・You will be unable to log in with a different character until this process has been completed.<hex:0249020103><hex:0248020103>","",""
1192,0,0,0,"While visiting other data centers, the display of character information will be simplified.","",""
1193,0,0,0,"<hex:024804F2023703><hex:024904F2023803>※You can visit Worlds within other data centers in the same region as your Home World via an aetheryte in either Limsa Lominsa, Gridania, or Ul'dah.<hex:0249020103><hex:0248020103>","",""
1194,0,0,0,"","",""
1195,0,0,0,"","",""
1196,0,0,0,"","",""
1197,0,0,0,"","",""
1198,0,0,0,"","",""
1199,0,0,0,"","",""
1200,0,0,0,"Unable to submit <hex:02082EE1E80301FF15>Return to Home World<hex:FF12>Data Center Visit<hex:03> request at this time. <hex:020815E1E80201FF0D><hex:02100103>[<hex:022003E80203>]<hex:FF01><hex:03>","",""
1201,0,0,0,"Unable to visit another data center. There are currently no other data centers within your selected region.","",""
1202,0,0,0,"Unable to <hex:020836E1E80201FF15>return to Home World<hex:FF1A>visit another data center<hex:03> at this time. Please wait before attempting again.","",""
1203,0,0,0,"To visit other data centers with this character, you must first select a different name using the Change Name subcommand.","",""
1204,0,0,0,"To visit other data centers with this character, you must first select a different retainer name using the Change Retainer Name subcommand.","",""
1205,0,0,0,"Character is currently imprisoned in the Mordion Gaol. <hex:02082EE1E80201FF15>Return to Home World<hex:FF12>Data Center Visit<hex:03> request denied.","",""
1206,0,0,0,"Character has not completed the game's opening event. Unable to submit Data Center Visit request.","",""
1207,0,0,0,"Your character must be on their Home World to submit a Data Center Visit request.","",""
1208,0,0,0,"Unable to <hex:020836E1E80301FF15>return to Home World<hex:FF1A>visit another data center<hex:03>. Please wait before submitting another request via the subcommand menu. <hex:020815E1E80201FF0D><hex:02100103>[<hex:022003E80203>]<hex:FF01><hex:03>","",""
1209,0,0,0,"<hex:02082EE1E80301FF15>Return to Home World<hex:FF12>Data Center Visit<hex:03> system is temporarily unavailable. <hex:020815E1E80201FF0D><hex:02100103>[<hex:022003E80203>]<hex:FF01><hex:03>","",""
1210,0,0,0,"Unable to <hex:020839E1E80301FF15>return to Home World<hex:FF1D>visit to another data center<hex:03>. <hex:020815E1E80201FF0D><hex:02100103>[<hex:022003E80203>]<hex:FF01><hex:03>","",""
1211,0,0,0,"Character was logged out or disconnected mid-duty. Unable to process <hex:02082EE1E80201FF15>Return to Home World<hex:FF12>Data Center Visit<hex:03> request.<hex:02100103>You must log in before a new request can be processed.","",""
1212,0,0,0,"Unable to proceed with Data Center Visit. You cannot have any more characters on <hex:022903EA0203>.","",""
1213,0,0,0,"You cannot submit a Data Center Visit request while outside of your Home Data Center.","",""
1214,0,0,0,"The World you have selected for your Return to Home World request is not this character's Home World.","",""
1215,0,0,0,"<hex:022903EA0203> belongs to your current data center. Please use the World Visit system to travel there.","",""
1216,0,0,0,"Unable to visit <hex:022903EA0203>. This World belongs to a data center outside of your region.","",""
1217,0,0,0,"You are currently on <hex:022903EA0203>. Canceling Data Center Visit request.","",""
1218,0,0,0,"Unable to select <hex:022903EA0203> as a destination for <hex:02082EE1E80301FF15>Return to Home World<hex:FF12>Data Center Visit<hex:03> requests at this time.","",""
1219,0,0,0,"A data error occurred and your <hex:02082EE1E80201FF15>Return to Home World<hex:FF12>Data Center Visit<hex:03> request could not be processed. Please contact the Support Desk. <hex:020815E1E80301FF0D><hex:02100103>[<hex:022003E80303>]<hex:FF01><hex:03>","",""
1220,0,0,0,"An error occurred while contacting the server. <hex:020815E1E80201FF0D><hex:02100103>[<hex:022003E80203>]<hex:FF01><hex:03>","",""
1221,0,0,0,"Unable to <hex:020836E1E80201FF15>return to Home World<hex:FF1A>visit another data center<hex:03> while in a party.","",""
1222,0,0,0,"More Subcommands","",""
1223,0,0,0,"Retrieve Character Data","",""
1224,0,0,0,"If the display of character information has been simplified to better facilitate login, using this command will retrieve data necessary for name changes and editing your character after using Fantasia.","",""
1225,0,0,0,"Data for the selected character will be retrieved from the server and the display of character information will be restored.<hex:02100103>Proceed?","",""
1226,0,0,0,"Retrieving character data...","",""
1227,0,0,0,"Please retrieve character data before changing your character's name.","",""
1228,0,0,0,"Please retrieve character data before changing your retainer's name.","",""
1229,0,0,0,"A name change is required to log in with this character. Please retrieve character data before changing your character's name.","",""
1230,0,0,0,"To log in with this character, you must first change your retainer's name. Please retrieve character data before changing your retainer's name.","",""
1231,0,0,0,"You will now return to your Home World.<hex:02100103>Logging in will place your character at the aetheryte of your starting nation.","",""
1232,0,0,0,"To visit other Worlds with this character, you must first return to your Home World and change your character's name.","",""
1233,0,0,0,"To visit other Worlds with this character, you must first return to your Home World and change your retainer's name.","",""
1234,0,0,0,"Your request for data center travel could not be processed, as you have never connected to Worlds in the selected region.<hex:02100103>From the Data Center Selection screen, please select any World in your desired region and proceed to the Character Selection screen. After doing so, you will be able to use the Data Center Travel system in that region.","",""
1235,0,0,0,"You have already reached the maximum number of characters allowed for this service account in the selected region.<hex:02100103>At least one unused character slot is required in your destination region when using the Data Center Travel system.","",""
1236,0,0,0,"The selected character has yet to log out from a previous play session. Please wait and try accessing the subcommand menu again.","",""
1237,0,0,0,"The character you last logged out with in this play environment could not be found on the current data center.<hex:02100103>Please connect to another data center from the Data Center Selection screen.","",""
1238,0,0,0,"<hex:024804F201FA03><hex:024904F201FB03>This World is experiencing congestion. Visiting characters cannot log in at this time, and you will be unable to return to your duty in progress.<hex:0249020103><hex:0248020103><hex:02100103>By abandoning the duty, you may return to your Home World.<hex:02100103>Abandon duty?","",""
1239,0,0,0,"Preparing to abandon duty.<hex:02100103>Please wait for the request to be processed.","",""
1240,0,0,0,"Abandoning duty.<hex:02100103><hex:024804F201FA03><hex:024904F201FB03>It can take up to 5 minutes for the request to be processed.<hex:0249020103><hex:0248020103><hex:02100103>Please wait before traveling to another World.","",""
1241,0,0,0,"The duty has not yet been abandoned.<hex:02100103>Please wait a moment and try again.","",""
1242,0,0,0,"I understand.","",""
1243,0,0,0,"Your account data must be updated before traveling to Worlds in <hex:022903EA0303>.<hex:02100103>After returning to the title screen, please select <hex:022903EA0303> from the Data Center menu option and access the Character Selection screen. This will allow you to use the data center travel system to visit Worlds within this regional data center.","",""
1244,0,0,0,"","",""
1245,0,0,0,"","",""
1246,0,0,0,"","",""
1247,0,0,0,"","",""
1248,0,0,0,"","",""
1249,0,0,0,"","",""
1250,0,0,0,"Please note that Worlds on the Cloud Data Center will be shut down once the Cloud Data Center stress test has concluded. All character and retainer data on these Worlds will be deleted.","",""
1251,0,0,0,"","",""
1252,0,0,0,"","",""
1253,0,0,0,"","",""
1254,0,0,0,"","",""
1255,0,0,0,"","",""
1256,0,0,0,"","",""
1257,0,0,0,"","",""
1258,0,0,0,"","",""
1259,0,0,0,"","",""
1260,0,0,0,"","",""
1261,0,0,0,"","",""
1262,0,0,0,"","",""
1263,0,0,0,"","",""
1264,0,0,0,"","",""
1265,0,0,0,"","",""
1266,0,0,0,"","",""
1267,0,0,0,"","",""
1268,0,0,0,"","",""
1269,0,0,0,"","",""
1270,0,0,0,"","",""
1271,0,0,0,"","",""
1272,0,0,0,"","",""
1273,0,0,0,"","",""
1274,0,0,0,"","",""
1275,0,0,0,"","",""
1276,0,0,0,"","",""
1277,0,0,0,"","",""
1278,0,0,0,"","",""
1279,0,0,0,"","",""
1280,0,0,0,"","",""
1281,0,0,0,"","",""
1282,0,0,0,"","",""
1283,0,0,0,"","",""
1284,0,0,0,"","",""
1285,0,0,0,"","",""
1286,0,0,0,"","",""
1287,0,0,0,"","",""
1288,0,0,0,"","",""
1289,0,0,0,"","",""
1290,0,0,0,"","",""
1291,0,0,0,"","",""
1292,0,0,0,"","",""
1293,0,0,0,"","",""
1294,0,0,0,"","",""
1295,0,0,0,"","",""
1296,0,0,0,"","",""
1297,0,0,0,"","",""
1298,0,0,0,"","",""
1299,0,0,0,"","",""
1300,0,0,0,"","",""
1301,0,0,0,"","",""
1302,0,0,0,"","",""
1303,0,0,0,"","",""
1304,0,0,0,"","",""
1305,0,0,0,"","",""
1306,0,0,0,"","",""
1307,0,0,0,"","",""
1308,0,0,0,"","",""
1309,0,0,0,"","",""
1310,0,0,0,"","",""
1311,0,0,0,"","",""
1312,0,0,0,"","",""
1313,0,0,0,"","",""
1314,0,0,0,"","",""
1315,0,0,0,"","",""
1316,0,0,0,"","",""
1317,0,0,0,"","",""
1318,0,0,0,"","",""
1319,0,0,0,"","",""
1320,0,0,0,"","",""
1321,0,0,0,"","",""
1322,0,0,0,"","",""
1323,0,0,0,"","",""
1324,0,0,0,"","",""
1325,0,0,0,"","",""
1326,0,0,0,"","",""
1327,0,0,0,"","",""
1328,0,0,0,"","",""
1329,0,0,0,"","",""
1330,0,0,0,"","",""
1331,0,0,0,"","",""
1332,0,0,0,"","",""
1333,0,0,0,"","",""
1334,0,0,0,"","",""
1335,0,0,0,"","",""
1336,0,0,0,"","",""
1337,0,0,0,"","",""
1338,0,0,0,"","",""
1339,0,0,0,"","",""
1340,0,0,0,"","",""
1341,0,0,0,"","",""
1342,0,0,0,"","",""
1343,0,0,0,"","",""
1344,0,0,0,"","",""
1345,0,0,0,"","",""
1346,0,0,0,"","",""
1347,0,0,0,"","",""
1348,0,0,0,"","",""
1349,0,0,0,"","",""
1350,0,0,0,"","",""
1351,0,0,0,"","",""
1352,0,0,0,"","",""
1353,0,0,0,"","",""
1354,0,0,0,"","",""
1355,0,0,0,"","",""
1356,0,0,0,"","",""
1357,0,0,0,"","",""
1358,0,0,0,"","",""
1359,0,0,0,"","",""
1360,0,0,0,"","",""
1361,0,0,0,"","",""
1362,0,0,0,"","",""
1363,0,0,0,"","",""
1364,0,0,0,"","",""
1365,0,0,0,"","",""
1366,0,0,0,"","",""
1367,0,0,0,"","",""
1368,0,0,0,"","",""
1369,0,0,0,"","",""
1370,0,0,0,"","",""
1371,0,0,0,"","",""
1372,0,0,0,"","",""
1373,0,0,0,"","",""
1374,0,0,0,"","",""
1375,0,0,0,"","",""
1376,0,0,0,"","",""
1377,0,0,0,"","",""
1378,0,0,0,"","",""
1379,0,0,0,"","",""
1380,0,0,0,"","",""
1381,0,0,0,"","",""
1382,0,0,0,"","",""
1383,0,0,0,"","",""
1384,0,0,0,"","",""
1385,0,0,0,"","",""
1386,0,0,0,"","",""
1387,0,0,0,"","",""
1388,0,0,0,"","",""
1389,0,0,0,"","",""
1390,0,0,0,"","",""
1391,0,0,0,"","",""
1392,0,0,0,"","",""
1393,0,0,0,"","",""
1394,0,0,0,"","",""
1395,0,0,0,"","",""
1396,0,0,0,"","",""
1397,0,0,0,"","",""
1398,0,0,0,"","",""
1399,0,0,0,"","",""
1400,0,0,0,"","",""
1401,0,0,0,"","",""
1402,0,0,0,"","",""
1403,0,0,0,"","",""
1404,0,0,0,"","",""
1405,0,0,0,"","",""
1406,0,0,0,"","",""
1407,0,0,0,"","",""
1408,0,0,0,"","",""
1409,0,0,0,"","",""
1410,0,0,0,"","",""
1411,0,0,0,"","",""
1412,0,0,0,"","",""
1413,0,0,0,"","",""
1414,0,0,0,"","",""
1415,0,0,0,"","",""
1416,0,0,0,"","",""
1417,0,0,0,"","",""
1418,0,0,0,"","",""
1419,0,0,0,"","",""
1420,0,0,0,"","",""
1421,0,0,0,"","",""
1422,0,0,0,"","",""
1423,0,0,0,"","",""
1424,0,0,0,"","",""
1425,0,0,0,"","",""
1426,0,0,0,"","",""
1427,0,0,0,"","",""
1428,0,0,0,"","",""
1429,0,0,0,"","",""
1430,0,0,0,"","",""
1431,0,0,0,"","",""
1432,0,0,0,"","",""
1433,0,0,0,"","",""
1434,0,0,0,"","",""
1435,0,0,0,"","",""
1436,0,0,0,"","",""
1437,0,0,0,"","",""
1438,0,0,0,"","",""
1439,0,0,0,"","",""
1440,0,0,0,"","",""
1441,0,0,0,"","",""
1442,0,0,0,"","",""
1443,0,0,0,"","",""
1444,0,0,0,"","",""
1445,0,0,0,"","",""
1446,0,0,0,"","",""
1447,0,0,0,"","",""
1448,0,0,0,"","",""
1449,0,0,0,"","",""
1450,0,0,0,"","",""
1451,0,0,0,"","",""
1452,0,0,0,"","",""
1453,0,0,0,"","",""
1454,0,0,0,"","",""
1455,0,0,0,"","",""
1456,0,0,0,"","",""
1457,0,0,0,"","",""
1458,0,0,0,"","",""
1459,0,0,0,"","",""
1460,0,0,0,"","",""
1461,0,0,0,"","",""
1462,0,0,0,"","",""
1463,0,0,0,"","",""
1464,0,0,0,"","",""
1465,0,0,0,"","",""
1466,0,0,0,"","",""
1467,0,0,0,"","",""
1468,0,0,0,"","",""
1469,0,0,0,"","",""
1470,0,0,0,"","",""
1471,0,0,0,"","",""
1472,0,0,0,"","",""
1473,0,0,0,"","",""
1474,0,0,0,"","",""
1475,0,0,0,"","",""
1476,0,0,0,"","",""
1477,0,0,0,"","",""
1478,0,0,0,"","",""
1479,0,0,0,"","",""
1480,0,0,0,"","",""
1481,0,0,0,"","",""
1482,0,0,0,"","",""
1483,0,0,0,"","",""
1484,0,0,0,"","",""
1485,0,0,0,"","",""
1486,0,0,0,"","",""
1487,0,0,0,"","",""
1488,0,0,0,"","",""
1489,0,0,0,"","",""
1490,0,0,0,"","",""
1491,0,0,0,"","",""
1492,0,0,0,"","",""
1493,0,0,0,"","",""
1494,0,0,0,"","",""
1495,0,0,0,"","",""
1496,0,0,0,"","",""
1497,0,0,0,"","",""
1498,0,0,0,"","",""
1499,0,0,0,"","",""
1500,0,0,0,"","",""
1501,0,0,0,"","",""
1502,0,0,0,"","",""
1503,0,0,0,"","",""
1504,0,0,0,"","",""
1505,0,0,0,"","",""
1506,0,0,0,"","",""
1507,0,0,0,"","",""
1508,0,0,0,"","",""
1509,0,0,0,"","",""
1510,0,0,0,"","",""
1511,0,0,0,"","",""
1512,0,0,0,"","",""
1513,0,0,0,"","",""
1514,0,0,0,"","",""
1515,0,0,0,"","",""
1516,0,0,0,"","",""
1517,0,0,0,"","",""
1518,0,0,0,"","",""
1519,0,0,0,"","",""
1520,0,0,0,"","",""
1521,0,0,0,"","",""
1522,0,0,0,"","",""
1523,0,0,0,"","",""
1524,0,0,0,"","",""
1525,0,0,0,"","",""
1526,0,0,0,"","",""
1527,0,0,0,"","",""
1528,0,0,0,"","",""
1529,0,0,0,"","",""
1530,0,0,0,"","",""
1531,0,0,0,"","",""
1532,0,0,0,"","",""
1533,0,0,0,"","",""
1534,0,0,0,"","",""
1535,0,0,0,"","",""
1536,0,0,0,"","",""
1537,0,0,0,"","",""
1538,0,0,0,"","",""
1539,0,0,0,"","",""
1540,0,0,0,"","",""
1541,0,0,0,"","",""
1542,0,0,0,"","",""
1543,0,0,0,"","",""
1544,0,0,0,"","",""
1545,0,0,0,"","",""
1546,0,0,0,"","",""
1547,0,0,0,"","",""
1548,0,0,0,"","",""
1549,0,0,0,"","",""
1550,0,0,0,"","",""
1551,0,0,0,"","",""
1552,0,0,0,"","",""
1553,0,0,0,"","",""
1554,0,0,0,"","",""
1555,0,0,0,"","",""
1556,0,0,0,"","",""
1557,0,0,0,"","",""
1558,0,0,0,"","",""
1559,0,0,0,"","",""
1560,0,0,0,"","",""
1561,0,0,0,"","",""
1562,0,0,0,"","",""
1563,0,0,0,"","",""
1564,0,0,0,"","",""
1565,0,0,0,"","",""
1566,0,0,0,"","",""
1567,0,0,0,"","",""
1568,0,0,0,"","",""
1569,0,0,0,"","",""
1570,0,0,0,"","",""
1571,0,0,0,"","",""
1572,0,0,0,"","",""
1573,0,0,0,"","",""
1574,0,0,0,"","",""
1575,0,0,0,"","",""
1576,0,0,0,"","",""
1577,0,0,0,"","",""
1578,0,0,0,"","",""
1579,0,0,0,"","",""
1580,0,0,0,"","",""
1581,0,0,0,"","",""
1582,0,0,0,"","",""
1583,0,0,0,"","",""
1584,0,0,0,"","",""
1585,0,0,0,"","",""
1586,0,0,0,"","",""
1587,0,0,0,"","",""
1588,0,0,0,"","",""
1589,0,0,0,"","",""
1590,0,0,0,"","",""
1591,0,0,0,"","",""
1592,0,0,0,"","",""
1593,0,0,0,"","",""
1594,0,0,0,"","",""
1595,0,0,0,"","",""
1596,0,0,0,"","",""
1597,0,0,0,"","",""
1598,0,0,0,"","",""
1599,0,0,0,"","",""
1600,0,0,0,"","",""
1601,0,0,0,"","",""
1602,0,0,0,"","",""
1603,0,0,0,"","",""
1604,0,0,0,"","",""
1605,0,0,0,"","",""
1606,0,0,0,"","",""
1607,0,0,0,"","",""
1608,0,0,0,"","",""
1609,0,0,0,"","",""
1610,0,0,0,"","",""
1611,0,0,0,"","",""
1612,0,0,0,"","",""
1613,0,0,0,"","",""
1614,0,0,0,"","",""
1615,0,0,0,"","",""
1616,0,0,0,"","",""
1617,0,0,0,"","",""
1618,0,0,0,"","",""
1619,0,0,0,"","",""
1620,0,0,0,"","",""
1621,0,0,0,"","",""
1622,0,0,0,"","",""
1623,0,0,0,"","",""
1624,0,0,0,"","",""
1625,0,0,0,"","",""
1626,0,0,0,"","",""
1627,0,0,0,"","",""
1628,0,0,0,"","",""
1629,0,0,0,"","",""
1630,0,0,0,"","",""
1631,0,0,0,"","",""
1632,0,0,0,"","",""
1633,0,0,0,"","",""
1634,0,0,0,"","",""
1635,0,0,0,"","",""
1636,0,0,0,"","",""
1637,0,0,0,"","",""
1638,0,0,0,"","",""
1639,0,0,0,"","",""
1640,0,0,0,"","",""
1641,0,0,0,"","",""
1642,0,0,0,"","",""
1643,0,0,0,"","",""
1644,0,0,0,"","",""
1645,0,0,0,"","",""
1646,0,0,0,"","",""
1647,0,0,0,"","",""
1648,0,0,0,"","",""
1649,0,0,0,"","",""
1650,0,0,0,"","",""
1651,0,0,0,"","",""
1652,0,0,0,"","",""
1653,0,0,0,"","",""
1654,0,0,0,"","",""
1655,0,0,0,"","",""
1656,0,0,0,"","",""
1657,0,0,0,"","",""
1658,0,0,0,"","",""
1659,0,0,0,"","",""
1660,0,0,0,"","",""
1661,0,0,0,"","",""
1662,0,0,0,"","",""
1663,0,0,0,"","",""
1664,0,0,0,"","",""
1665,0,0,0,"","",""
1666,0,0,0,"","",""
1667,0,0,0,"","",""
1668,0,0,0,"","",""
1669,0,0,0,"","",""
1670,0,0,0,"","",""
1671,0,0,0,"","",""
1672,0,0,0,"","",""
1673,0,0,0,"","",""
1674,0,0,0,"","",""
1675,0,0,0,"","",""
1676,0,0,0,"","",""
1677,0,0,0,"","",""
1678,0,0,0,"","",""
1679,0,0,0,"","",""
1680,0,0,0,"","",""
1681,0,0,0,"","",""
1682,0,0,0,"","",""
1683,0,0,0,"","",""
1684,0,0,0,"","",""
1685,0,0,0,"","",""
1686,0,0,0,"","",""
1687,0,0,0,"","",""
1688,0,0,0,"","",""
1689,0,0,0,"","",""
1690,0,0,0,"","",""
1691,0,0,0,"","",""
1692,0,0,0,"","",""
1693,0,0,0,"","",""
1694,0,0,0,"","",""
1695,0,0,0,"","",""
1696,0,0,0,"","",""
1697,0,0,0,"","",""
1698,0,0,0,"","",""
1699,0,0,0,"","",""
1700,0,0,0,"","",""
1701,0,0,0,"","",""
1702,0,0,0,"Program Version: <hex:022903EA0203>","",""
1703,0,0,0,"FFXIV: <hex:022903EA0203>","",""
1704,0,0,0,"EX<hex:022003E80203>: <hex:022903EA0303>","",""
1705,0,0,0,"","",""
1706,0,0,0,"","",""
1707,0,0,0,"","",""
1708,0,0,0,"","",""
1709,0,0,0,"","",""
1710,0,0,0,"","",""
1711,0,0,0,"","",""
1712,0,0,0,"","",""
1713,0,0,0,"","",""
1714,0,0,0,"","",""
1715,0,0,0,"","",""
1716,0,0,0,"","",""
1717,0,0,0,"","",""
1718,0,0,0,"","",""
1719,0,0,0,"","",""
1720,0,0,0,"","",""
1721,0,0,0,"","",""
1722,0,0,0,"","",""
1723,0,0,0,"","",""
1724,0,0,0,"","",""
1725,0,0,0,"","",""
1726,0,0,0,"","",""
1727,0,0,0,"","",""
1728,0,0,0,"","",""
1729,0,0,0,"","",""
1730,0,0,0,"","",""
1731,0,0,0,"","",""
1732,0,0,0,"","",""
1733,0,0,0,"","",""
1734,0,0,0,"","",""
1735,0,0,0,"","",""
1736,0,0,0,"","",""
1737,0,0,0,"","",""
1738,0,0,0,"","",""
1739,0,0,0,"","",""
1740,0,0,0,"Facial Features","",""
1741,0,0,0,"Facial Features","",""
1742,0,0,0,"Tattoos","",""
1743,0,0,0,"Ear Clasps","",""
1744,0,0,0,"Tattoo Color","",""
1745,0,0,0,"Ear Clasp Color","",""
1746,0,0,0,"Limbal Ring","",""
1747,0,0,0,"Other Features","",""
1748,0,0,0,"Limbal Ring Color","",""
1749,0,0,0,"Tattoos","",""
1750,0,0,0,"Tattoo Color","",""
1751,0,0,0,"Facial Features","",""
1752,0,0,0,"","",""
1753,0,0,0,"Fang Length","",""
1754,0,0,0,"","",""
1755,0,0,0,"Tattoos","",""
1756,0,0,0,"Tattoo Color","",""
1757,0,0,0,"","",""
1758,0,0,0,"","",""
1759,0,0,0,"","",""
1760,0,0,0,"","",""
1761,0,0,0,"","",""
1762,0,0,0,"","",""
1763,0,0,0,"","",""
1764,0,0,0,"","",""
1765,0,0,0,"","",""
1766,0,0,0,"","",""
1767,0,0,0,"","",""
1768,0,0,0,"","",""
1769,0,0,0,"","",""
1770,0,0,0,"","",""
1771,0,0,0,"","",""
1772,0,0,0,"","",""
1773,0,0,0,"","",""
1774,0,0,0,"","",""
1775,0,0,0,"","",""
1776,0,0,0,"","",""
1777,0,0,0,"","",""
1778,0,0,0,"","",""
1779,0,0,0,"","",""
1780,0,0,0,"","",""
1781,0,0,0,"","",""
1782,0,0,0,"","",""
1783,0,0,0,"","",""
1784,0,0,0,"","",""
1785,0,0,0,"","",""
1786,0,0,0,"","",""
1787,0,0,0,"","",""
1788,0,0,0,"","",""
1789,0,0,0,"","",""
1790,0,0,0,"","",""
1791,0,0,0,"","",""
1792,0,0,0,"","",""
1793,0,0,0,"","",""
1794,0,0,0,"","",""
1795,0,0,0,"","",""
1796,0,0,0,"","",""
1797,0,0,0,"","",""
1798,0,0,0,"","",""
1799,0,0,0,"","",""
1800,0,0,0,"Are you certain you wish to leave the queue?","",""
1801,0,0,0,"You were automatically logged out due to extended inactivity.","",""
1802,0,0,0,"<hex:024804F201FE03><hex:024904F201FF03>A registered license for <hex:02280FFF0A>ExVersion<hex:E8020103> is required to select this race.<hex:0249020103><hex:0248020103>","",""
1803,0,0,0,"RGB: <hex:022003E80203>,<hex:022003E80303>,<hex:022003E80403>","",""
1804,0,230901,0,"Tank"," ","Stand as a bulwark in the face of danger.
With superior defensive abilities, tanks protect their comrades
by diverting enemy focus and bearing the brunt of battle.

Begin your journey as a gladiator or marauder, and later master
the jobs of paladin, warrior, dark knight, and gunbreaker."
1805,0,230902,0,"Healer"," ","Provide succor to all in need.
Though limited in their offensive abilities, healers replenish
health and protect their comrades with myriad rejuvenating skills.

Begin your journey as a conjurer, and later master the jobs of
white mage, scholar, astrologian, and sage.
※Please note that the job of scholar is unlocked via the 
DPS class of arcanist."
1806,0,230903,0,"DPS"," ","Decimate your foes.
Possessing great talent for the offensive, DPS is a role whose sole
focus is to rout the enemy with a diverse array of punishing attacks.

Begin your journey as a pugilist, lancer, archer, thaumaturge, or
arcanist. From there, master the jobs of monk, dragoon, ninja, samurai,
reaper, viper, bard, machinist, dancer, black mage, summoner, red mage,
pictomancer, and blue mage.

Note that the DPS role is divided into three categories.
Melee DPS specializes in close combat; physical ranged DPS wields arms
such as guns and bows; and magical ranged DPS uses arcane powers to
assert dominance upon the battlefield."
1807,0,0,0,"","",""
1808,0,0,0,"","",""
1809,0,0,0,"","",""
1810,0,0,0,"","",""
1811,0,0,0,"","",""
1812,0,0,0,"","",""
1813,0,0,0,"","",""
1814,0,0,0,"","",""
1815,0,0,0,"","",""
1816,0,0,0,"","",""
1817,0,0,0,"","",""
1818,0,0,0,"","",""
1819,0,0,0,"","",""
1820,0,0,0,"","",""
1821,0,0,0,"","",""
1822,0,0,0,"","",""
1823,0,0,0,"","",""
1824,0,0,0,"","",""
1825,0,0,0,"","",""
1826,0,0,0,"","",""
1827,0,0,0,"","",""
1828,0,0,0,"","",""
1829,0,0,0,"","",""
1830,0,0,0,"","",""
1831,0,0,0,"","",""
1832,0,0,0,"","",""
1833,0,0,0,"","",""
1834,0,0,0,"","",""
1835,0,0,0,"","",""
1836,0,0,0,"","",""
1837,0,0,0,"","",""
1838,0,0,0,"","",""
1839,0,0,0,"","",""
1840,0,0,0,"","",""
1841,0,0,0,"","",""
1842,0,0,0,"","",""
1843,0,0,0,"","",""
1844,0,0,0,"","",""
1845,0,0,0,"","",""
1846,0,0,0,"","",""
1847,0,0,0,"","",""
1848,0,0,0,"","",""
1849,0,0,0,"","",""
1850,0,0,0,"","",""
1851,0,0,0,"","",""
1852,0,0,0,"","",""
1853,0,0,0,"","",""
1854,0,0,0,"","",""
1855,0,0,0,"","",""
1856,0,0,0,"","",""
1857,0,0,0,"","",""
1858,0,0,0,"","",""
1859,0,0,0,"","",""
1860,0,0,0,"","",""
1861,0,0,0,"","",""
1862,0,0,0,"","",""
1863,0,0,0,"","",""
1864,0,0,0,"","",""
1865,0,0,0,"","",""
1866,0,0,0,"","",""
1867,0,0,0,"","",""
1868,0,0,0,"","",""
1869,0,0,0,"","",""
1870,0,0,0,"","",""
1871,0,0,0,"","",""
1872,0,0,0,"","",""
1873,0,0,0,"","",""
1874,0,0,0,"","",""
1875,0,0,0,"","",""
1876,0,0,0,"","",""
1877,0,0,0,"","",""
1878,0,0,0,"","",""
1879,0,0,0,"","",""
1880,0,0,0,"","",""
1881,0,0,0,"","",""
1882,0,0,0,"","",""
1883,0,0,0,"","",""
1884,0,0,0,"","",""
1885,0,0,0,"","",""
1886,0,0,0,"","",""
1887,0,0,0,"","",""
1888,0,0,0,"","",""
1889,0,0,0,"","",""
1890,0,0,0,"","",""
1891,0,0,0,"","",""
1892,0,0,0,"","",""
1893,0,0,0,"","",""
1894,0,0,0,"","",""
1895,0,0,0,"","",""
1896,0,0,0,"","",""
1897,0,0,0,"","",""
1898,0,0,0,"","",""
1899,0,0,0,"","",""
1900,0,0,0,"","",""
1901,0,33,0,"","",""
1902,0,22,0,"","",""
1903,0,55,0,"","",""
1904,0,420,0,"","",""
1905,0,340,0,"","",""
1906,0,500,0,"","",""
1907,0,450,0,"","",""
1908,0,11,0,"","",""
1909,0,32,0,"","",""
1910,0,0,0,"","",""
1911,0,20,0,"","",""
1912,0,12,0,"","",""
1913,0,50,0,"","",""
1914,0,300,0,"","",""
1915,0,240,0,"","",""
1916,0,360,0,"","",""
1917,0,450,0,"","",""
1918,0,0,0,"","",""
1919,0,0,0,"","",""
1920,0,0,0,"","",""
1921,0,20,0,"","",""
1922,0,15,0,"","",""
1923,0,40,0,"","",""
1924,0,300,0,"","",""
1925,0,240,0,"","",""
1926,0,360,0,"","",""
1927,0,450,0,"","",""
1928,0,0,0,"","",""
1929,0,77,0,"","",""
1930,0,60,0,"","",""
1931,0,10,0,"","",""
1932,0,5,0,"","",""
1933,0,40,0,"","",""
1934,0,200,0,"","",""
1935,0,160,0,"","",""
1936,0,240,0,"","",""
1937,0,250,0,"","",""
1938,0,85,0,"","",""
1939,0,60,0,"","",""
1940,0,0,0,"","",""
1941,0,0,0,"","",""
1942,0,0,0,"","",""
1943,0,33,0,"","",""
1944,0,450,0,"","",""
1945,0,0,0,"","",""
1946,0,0,0,"","",""
1947,0,0,0,"","",""
1948,0,0,0,"","",""
1949,0,0,0,"","",""
1950,0,0,0,"Select your character's race and gender.","",""
1951,0,0,0,"Select your character's clan.","",""
1952,0,0,0,"Select your character's gender.","",""
1953,0,0,0,"Customize your character's appearance.","",""
1954,0,0,0,"Specify your character's date of birth.<hex:02100103><hex:02100103><hex:0248020203><hex:0249022503>This selection has no effect on gameplay.<hex:0249020103><hex:0248020103>","",""
1955,0,0,0,"Select your character's patron deity.<hex:02100103><hex:02100103><hex:0248020203><hex:0249022503>This selection has no effect on gameplay.<hex:0249020103><hex:0248020103>","",""
1956,0,0,0,"Select your starting class and city-state.","",""
1957,0,0,0,"Select a World server on which to play.","",""
1958,0,0,0,"Specify the first and last name of your character.","",""
1959,0,0,0,"Select a new name for your character.","",""
1960,0,0,0,"View your retainer in the uniform he or she will wear when working.","",""
1961,0,0,0,"View your character in the set of race-specific gear he or she will be wearing at the game's onset.","",""
1962,0,0,0,"View your character in a set of job-specific gear based on the selected class. Available after class selection.","",""
1963,0,0,0,"View your character in the set of undergarments he or she will be wearing at the game's onset.","",""
1964,0,0,0,"View your character in a standing pose.","",""
1965,0,0,0,"View your character performing various actions such as emotes.","",""
1966,0,0,0,"","",""
1967,0,0,0,"View your character against an aetherial background.","",""
1968,0,0,0,"View your character in the forest of the Black Shroud.","",""
1969,0,0,0,"View your character in a Gridanian residence.","",""
1970,0,0,0,"Quit character creation and return to the Character Selection screen. You will lose all current progress.","",""
1971,0,0,0,"View your character on the sunny La Noscean coastline.","",""
1972,0,0,0,"View your character in an arid desert of Thanalan.","",""
1973,0,0,0,"Calendario Eorzeano","","El año Eorzeano consiste en la luna Menphina, girando alrededor
de los dos polos astrales y umbrales de Hydaelyn mientras fluctúa
entre cada uno de los seis elementos. Por ello, se puede decir
que el año tiene una duración de doce lunas."
1974,0,0,0,"<hex:022D14FF1202280EFF09436C6173734A6F62E8021F0303> (Lv. <hex:022003E80303>)","",""
1975,0,0,0,"","",""
1976,0,0,0,"Adjust system settings.","",""
1977,0,0,0,"Adjust lighting and time of day.","",""
1978,0,0,0,"Adjust weather.","",""
1979,0,0,0,"Adjust camera options.","",""
1980,0,0,0,"Limsa Lominsa","","On the southern coast of the island of Vylbrand, under the shadow of
ancient cliffs worn by the relentless onslaught of the Rhotano Sea,
lies the thalassocracy of Limsa Lominsa. Its economy is driven
primarily by shipping, but boasts lucrative shipbuilding, fishing, and
smithing industries as well. To maintain the safety of its maritime
routes, the city employs a formidable navy known as the Knights
of the Barracuda. Even so, pirate bands run rampant in nearby waters,
reaving and pillaging."
1981,0,0,0,"Gridania","","In the eastern reaches of the Aldenard landmass, home to vast, dense
woodlands and coursing rivers, lies the forest nation of Gridania. The
cityscape is a mosaic of labyrinthine waterways and great wooden
structures, so gracefully constructed they seem a part of the
surrounding environment. The favored goddess of the citizenry is
Nophica, the Matron, but great faith is also placed in the wisdom of
the Seedseers－young oracles who guide the nation based on the
will of the forest's elementals."
1982,0,0,0,"Ul'dah","","The bustling commercial hub of Ul'dah sits amid the desolate desert
landscape of southern Aldenard. Ul'dahn culture is known for its
affluence, and the wealth of the nation comes in large part from its
abundant mineral resources and clothcrafting industry. Though it is
the sultana who claims sovereignty, true power is wielded by the
Syndicate, a council sat by six of Ul'dah's most elite and influential.
Nald'thal is the nation's patron deity, and two great halls devoted to
His two aspects lie in the east and west of the city."
1983,0,0,0,"","",""
1984,0,0,0,"Both forename and surname must be between 2 and 15 characters and not total more than 20 characters combined. Only letters, hyphens, and apostrophes can be used. The first character of either name must be a letter. Hyphens cannot be used in succession or placed immediately before or after apostrophes.<hex:020839E4E94C08FF31><hex:02100103>※Chat Input Selected: <hex:021E020C03> Activate <hex:0242022A03><hex:FF01><hex:03>","",""
1985,0,0,0,"Nicknames must be between 3 and 20 characters. Only letters, hyphens, and apostrophes can be used. The first character must be a letter. Hyphens cannot be used in succession or placed immediately before or after apostrophes.<hex:02083EE4E94C08FF36><hex:02100103>※With Chat Input Selected: <hex:021E020C03> Activate <hex:0242022A03><hex:FF01><hex:03>","",""
1986,0,0,0,"","",""
1987,0,0,0,"","",""
1988,0,0,0,"","",""
1989,0,0,0,"","",""
1990,0,0,0,"View your character in the set of gear he or she is currently wearing. The face and hair may be concealed depending on gear.","",""
1991,0,0,0,"View your character against an aetherial background.","",""
1992,0,0,0,"View your character in the forest of the Black Shroud.","",""
1993,0,0,0,"View your character in a Gridanian residence.","",""
1994,0,0,0,"Cancel character customization and discard changes.","",""
1995,0,0,0,"View your character on the sunny La Noscean coastline.","",""
1996,0,0,0,"View your character in an arid desert of Thanalan.","",""
1997,0,0,0,"","",""
1998,0,0,0,"","",""
1999,0,0,0,"","",""
2000,0,0,0,"© SQUARE ENIX","",""
2001,0,0,0,INICIAR JUEGO,"",""
2002,0,0,0,SALIR,"",""
2003,0,0,0,CONFIGURACIÓN DEL SISTEMA,"",""
2004,0,0,0,VÍDEO DE APERTURA,"",""
2005,0,0,0,"","",""
2006,0,0,0,CENTRO DE DATOS,"",""
2007,0,0,0,VÍDEO DE APERTURA,"",""
2008,0,0,0,Un Reino Renacido,"",""
2009,0,0,0,VOLVER,"",""
2010,0,0,0,Selección de Personajes,"",""
2011,0,0,0,PELÍCULAS Y TÍTULOS,"",""
2012,0,0,0,Hacia el Firmamento,"",""
2013,0,0,0,Sangre de Tormenta,"",""
2014,0,0,0,Portadores de la Sombra,"",""
2015,0,0,0,RAZA,"",""
2016,0,0,0,"CLAN","",""
2017,0,0,0,ONOMÁSTICO,"",""
2018,0,0,0,GUARDIÁN,"",""
2019,0,0,0,CLASE,"",""
2020,0,0,0,UBICACIÓN,"",""
2021,0,0,0,VISITA DE MUNDO,"",""
2022,0,0,0,El Caminate del Fin,"",""
2023,0,0,0,Sendero del Albra,"",""
2024,0,0,0,"","",""
2025,0,0,0,Mundo,"",""
2026,0,0,0,"","",""
2027,0,0,0,Nuevo Personaje,"",""
2028,0,0,0,Personajes Guardados,"",""
2029,0,0,0,"","",""
2030,0,0,0,Selección de Mundo,"",""
2031,0,0,0,"","",""
2032,0,0,0,"","",""
2033,0,0,0,Lista de Mundos,"",""
2034,0,0,0,"","",""
2035,0,0,0,Nombre,"",""
2036,0,0,0,Apellido,"",""
2037,0,0,0,Cambiar,"",""
2038,0,0,0,Nombre del Personaje,"",""
2039,0,0,0,"Por favor, seleccione otro nombre.","",""
2040,0,0,0,Nombre del Retenedor,"",""
2041,0,0,0,"Por favor, seleccione otro nombre.","",""
2042,0,0,0,"","",""
2043,0,0,0,"Generates a random forename and surname based on in-world naming conventions. The resulting name can be further edited to your liking.","",""
2044,0,0,0,"Load previously saved appearance data?","",""
2045,0,0,0,"You have selected <hex:022903EA0203> as your starting World. Proceed?","",""
2046,0,0,0,"Select Another","",""
2047,0,0,0,"Return","",""
2048,0,0,0,"","",""
2049,0,0,0,"","",""
2050,0,0,0,Confirmar,"",""
2051,0,0,0,Cancelar,"",""
2052,0,0,0,Salir,"",""
2053,0,0,0,Actualizar,"",""
2054,0,0,0,"","",""
2055,0,0,0,CREACIÓN DE PERSONAJES,"",""
2056,0,0,0,PERSONALIZACIÓN DEL PERSONAJE,"",""
2057,0,0,0,LICENCIA,"",""
2058,0,0,0,OPCIONES,"",""
2059,0,0,0,INFORMACIÓN DE INSTALACIÓN,"",""
2060,0,0,0,"POSE","",""
2061,0,0,0,"Standing","",""
2062,0,0,0,"Unique","",""
2063,0,0,0,"Random","",""
2064,0,0,0,"ATTIRE","",""
2065,0,0,0,"Race","",""
2066,0,0,0,"Job","",""
2067,0,0,0,"Smallclothes","",""
2068,0,0,0,"Retainer","",""
2069,0,0,0,"Equipped","",""
2070,0,0,0,"Environment","",""
2071,0,0,0,"Dawn","",""
2072,0,0,0,"Midday","",""
2073,0,0,0,"Dusk","",""
2074,0,0,0,"Evening","",""
2075,0,0,0,"Midday","",""
2076,0,0,0,"Evening","",""
2077,0,0,0,"No Head/Facewear","",""
2078,0,0,0,"View your character without gear equipped to the head, face, or neck.","",""
2079,0,0,0,"","",""
2080,0,0,0,"1","",""
2081,0,0,0,"1","",""
2082,0,0,0,"2","",""
2083,0,0,0,"2","",""
2084,0,0,0,"3","",""
2085,0,0,0,"3","",""
2086,0,0,0,"4","",""
2087,0,0,0,"4","",""
2088,0,0,0,"5","",""
2089,0,0,0,"5","",""
2090,0,0,0,"6","",""
2091,0,0,0,"6","",""
2092,0,0,0,"","",""
2093,0,0,0,"","",""
2094,0,0,0,"","",""
2095,0,0,0,"Lighting 1","",""
2096,0,0,0,"Lighting 2","",""
2097,0,0,0,"","",""
2098,0,0,0,"","",""
2099,0,0,0,"","",""
2100,0,0,0,"Character Name","",""
2101,0,0,0,"Forename","",""
2102,0,0,0,"Surname","",""
2103,0,0,0,"","",""
2104,0,0,0,"Confirm","",""
2105,0,0,0,"Both forename and surname must be between 2 and 15 characters and not total more than 20 characters combined. Only letters and apostrophes can be used in names. Duplicate full names will not be allowed.","",""
2106,0,0,0,"Generates a random forename and surname based on in-game naming conventions. The resulting name can be further edited to your liking.","",""
2107,0,0,0,"","",""
2108,0,0,0,"","",""
2109,0,0,0,"","",""
2110,0,0,0,"©","",""
2111,0,0,0,"®","",""
2112,0,0,0,"","",""
2113,0,0,0,"","",""
2114,0,0,0,"","",""
2115,0,0,0,"","",""
2116,0,0,0,"","",""
2117,0,0,0,"","",""
2118,0,0,0,"","",""
2119,0,0,0,"","",""
2120,0,0,0,"Previous","",""
2121,0,0,0,"Current","",""
2122,0,0,0,"Dark","",""
2123,0,0,0,"Light","",""
2124,0,0,0,"Eye Color","",""
2125,0,0,0,"Odd Eyes","",""
2126,0,0,0,"Randomize Appearance","",""
2127,0,0,0,"None","",""
2128,0,0,0,"Hair Color","",""
2129,0,0,0,"Highlights","",""
2130,0,0,0,"Ping Status","",""
2131,0,0,0,"","",""
2132,0,0,0,"","",""
2133,0,0,0,"Revert to Current Appearance","",""
2134,0,0,0,"Pattern","",""
2135,0,0,0,"Reverse","",""
2136,0,0,0,"","",""
2137,0,0,0,"","",""
2138,0,0,0,"","",""
2139,0,0,0,"","",""
2140,0,0,0,"Character Data Import","",""
2141,0,0,0,"Character data has been found. Select the data you wish to import.","",""
2142,0,0,0,"Date","",""
2143,0,0,0,"Slot Number","",""
2144,0,0,0,"Clan/Gender","",""
2145,0,0,0,"","",""
2146,0,0,0,"Unable to locate appearance data.","",""
2147,0,0,0,"To load appearance data for the <hex:02092FE805FF14>male <hex:02280BFF06>Tribe<hex:E8040103><hex:FF16>female <hex:02280BFF06>Tribe<hex:E8040203><hex:03> saved to slot <hex:022003E80303> at <hex:020703E80203><hex:022002DB03>:<hex:022402DA03> on <hex:02082BE4E94E04FF12><hex:022002DC03>/<hex:022002DE03>/<hex:022002DF03><hex:FF12><hex:022002DE03>/<hex:022002DC03>/<hex:022002DF03><hex:03> you must first install <hex:02280FFF0A>ExVersion<hex:E8060103>.","",""
2148,0,0,0,"","",""
2149,0,0,0,"","",""
2150,0,0,0,"Character Data Export","",""
2151,0,0,0,"Select a save slot.","",""
2152,0,0,0,"Date","",""
2153,0,0,0,"Slot Number","",""
2154,0,0,0,"Clan/Gender","",""
2155,0,0,0,"","",""
2156,0,0,0,"","",""
2157,0,0,0,"","",""
2158,0,0,0,"","",""
2159,0,0,0,"","",""
2160,0,0,0,"Save <hex:02092FE803FF14><hex:02280BFF06>Tribe<hex:E8020103> male<hex:FF16><hex:02280BFF06>Tribe<hex:E8020203> female<hex:03> appearance data to slot <hex:022003E80403>?","",""
2161,0,0,0,"Comment","",""
2162,0,0,0,"Yes","",""
2163,0,0,0,"No","",""
2164,0,0,0,"Load appearance data for the <hex:02092FE805FF14>male <hex:02280BFF06>Tribe<hex:E8040103><hex:FF16>female <hex:02280BFF06>Tribe<hex:E8040203><hex:03> saved to slot <hex:022003E80303> at <hex:020703E80203><hex:022002DB03>:<hex:022402DA03> on <hex:02082BE4E94E04FF12><hex:022002DC03>/<hex:022002DE03>/<hex:022002DF03><hex:FF12><hex:022002DE03>/<hex:022002DC03>/<hex:022002DF03><hex:03>?","",""
2165,0,0,0,"Yes","",""
2166,0,0,0,"No","",""
2167,0,0,0,"Load appearance data for the <hex:02092FE805FF14>male <hex:02280BFF06>Tribe<hex:E8040103><hex:FF16>female <hex:02280BFF06>Tribe<hex:E8040203><hex:03> <hex:022903EA0303> hailing from Version 1.0 World, <hex:022903EA0203>?","",""
2168,0,0,0,"Load appearance data for the <hex:02092FE805FF14>male <hex:02280BFF06>Tribe<hex:E8040103><hex:FF16>female <hex:02280BFF06>Tribe<hex:E8040203><hex:03> saved to Version 1.0 save slot <hex:022003E80303>?","",""
2169,0,0,0,"Overwrite appearance data for the <hex:02092FE805FF14>male <hex:02280BFF06>Tribe<hex:E8040103><hex:FF16>female <hex:02280BFF06>Tribe<hex:E8040203><hex:03> saved to slot <hex:022003E80303> at <hex:020703E80203><hex:022002DB03>:<hex:022402DA03> on <hex:02082BE4E94E04FF12><hex:022002DC03>/<hex:022002DE03>/<hex:022002DF03><hex:FF12><hex:022002DE03>/<hex:022002DC03>/<hex:022002DF03><hex:03>?","",""
2170,0,0,0,"(Version 1.0)","",""
2171,0,0,0,"(β Version)","",""
2172,0,0,0,"(Benchmark)","",""
2173,0,0,0,"<hex:020703E80203><hex:02082BE4E94E04FF12><hex:022002DC03>/<hex:022002DE03>/<hex:022002DF03><hex:FF12><hex:022002DE03>/<hex:022002DC03>/<hex:022002DF03><hex:03>","",""
2174,0,0,0,"Save Slot <hex:022003E80203>","",""
2175,0,0,0,"<hex:02092BE803FF13><hex:02280BFF06>Tribe<hex:E8020103> ♂<hex:FF13><hex:02280BFF06>Tribe<hex:E8020203> ♀<hex:03>","",""
2176,0,0,0,"Save appearance data?<hex:02100103><hex:02100103>Once saved, appearance data can be reused when creating another character.","",""
2177,0,0,0,"Yes","",""
2178,0,0,0,"No","",""
2179,0,0,0,"Data is corrupted or format is different.<hex:02100103>Could not load.","",""
2180,0,0,0,"Return","",""
2181,0,0,0,"Load appearance data? Your current progress will be lost.","",""
2182,0,0,0,"Yes","",""
2183,0,0,0,"No","",""
2184,0,0,0,"Data saved.","",""
2185,0,0,0,"Save failed.","",""
2186,0,0,0,"OK","",""
2187,0,0,0,"Save appearance data? This data can be used in both the benchmark and the game.","",""
2188,0,0,0,"Incompatible Data","",""
2189,0,0,0,"The appearance data saved to slot <hex:022003E80303> at <hex:020703E80203><hex:022002DB03>:<hex:022402DA03> on <hex:02082BE4E94E04FF12><hex:022002DC03>/<hex:022002DE03>/<hex:022002DF03><hex:FF12><hex:022002DE03>/<hex:022002DC03>/<hex:022002DF03><hex:03> is incompatible with the current version of the benchmark. Do you wish to overwrite it?","",""
2190,0,0,0,"Videos","",""
2191,0,0,0,Un Reino Renacido,"",""
2192,0,0,0,Hacia El Firmamento,"",""
2193,0,0,0,Sangre de Tormenta,"",""
2194,0,0,0,Portadores de las Sombras,"",""
2195,0,0,0,"","",""
2196,0,0,0,"","",""
2197,0,0,0,"","",""
2198,0,0,0,"","",""
2199,0,0,0,"","",""
2200,0,0,0,"","",""
